alpha,x1,y1,x2,y2
5.438695367764646,-0.545621384650794,0.8380318040574297,0.26418569445116025,0.964471834138954
5.801472805674861,0.6272804201161782,-0.778793473610861,0.19508462831228968,-0.9807864129341596
3.0191000590345625,-0.9994015270727957,-0.034591728557038896,0.9961398116493038,-0.0877808387251433
5.9768450290124555,0.8281361302623661,-0.5605270285669313,0.6205422306412163,-0.7841730293696816
2.178330024526419,0.9799866570859881,-0.1990631857813747,-0.39597722057107854,0.9182603338862043
5.518182097979531,-0.9987899868010873,0.04917888028294017,-0.6864489474626482,0.7271779992047493
2.4490448754118215,-0.0937685297921304,0.9955940251029143,-0.563520561862532,-0.8261020374978724
2.442625412035386,-0.39949592830073954,-0.916734968936568,0.8956694100139351,0.44472048296125216
1.7468749603028697,-0.7647343637237689,0.6443456781417893,-0.5004242452922472,-0.8657803270597484
0.11337351343688641,-0.21303579930323213,0.9770443941885307,-0.32220193981238654,0.9466709618347524
0.6981781033677282,-0.7251523976551155,0.6885884112988231,-0.9981179102621047,0.06132403455423663
3.689846166898908,-0.33271266698900165,-0.9430282504915034,-0.20755497898814979,0.9782233541974086
1.5382154466090756,-0.005956438084725841,-0.9999822602653223,0.999257528088509,-0.038527815386324854
5.36169808505452,0.10465423323926466,0.994508668371021,0.8554056170528478,0.5179587148744933
5.225963096782029,-0.7437311476829156,-0.6684788552873255,-0.9476313757627027,0.3193662093429537
5.9859395003757365,-0.9031579974958795,0.4293083175984746,-0.7378124001779209,0.6750058237850214
6.142086050169765,-0.21337846598899624,0.9769696158285491,-0.07386517791335528,0.9972682364799496
4.078446358338749,-0.865200484247505,-0.5014260883299579,0.10848244422237369,0.9940983649999326
3.9075109370189303,0.8026678759726924,-0.5964262577062537,-0.991961916607864,-0.1265367772612101
3.8237065503183127,-0.3479461261683836,0.9375145296390959,0.8611325983662097,-0.508380416647868
2.2201678205835793,0.9998469640675492,0.01749424033517594,-0.6185269366660302,0.7857635958852616
0.6324743574821186,0.8033237222973937,-0.5955426073710092,0.9999850583151084,-0.005466547953614287
3.5886551683035957,-0.20830985574424046,-0.9780628834588366,-0.2349974325602965,0.9719959910874474
0.322276326249921,0.6142961392389735,0.7890755688247431,0.33274911807088636,0.9430153892821938
4.101701781964649,0.8840659334285612,0.4673621993177099,-0.12406202424255575,-0.9922744651258741
1.0586640541088057,0.7350372462424324,0.6780267300308609,-0.23084148886370737,0.9729913704751892
2.5349743984534454,0.9356684277320457,0.3528804235792084,-0.9699014756243343,0.24349769522880244
0.4336480255991802,-0.38020428216642543,-0.9249025374720913,0.04361702860432376,-0.9990483245647979
2.5747189079862838,-0.2202471151704623,0.9754441082189635,-0.338014051694241,-0.9411410632085091
3.2268849732789753,0.9999602525516091,-0.008915902473783108,-0.9970847480202076,-0.07630206593191809
0.010665860651332692,-0.9259063322969152,-0.3777531784280238,-0.9218246806031802,-0.38760709259615544
5.6105441192497505,0.9947023098425445,0.10279744546391537,0.8420834158759055,-0.5393473099096415
3.1149996518509253,0.6099666713014315,-0.7924270691372497,-0.5886804727829495,0.8083658212492925
3.5352160990663406,0.8039618090410843,0.5946809309229506,-0.514396850114003,-0.8575522611437696
0.19334335439750158,0.025650025889839338,-0.9996709839601481,0.2172499013370179,-0.9761160178836612
4.775436628657673,0.6790303841841501,-0.7341101670421992,-0.6898686921887777,-0.7239345188190336
3.545173593790327,-0.5137344720995324,-0.8579492363634429,0.13553259220794206,0.9907728884307421
5.89891680639454,-0.07352804970720589,-0.9972931494331316,-0.4420321996354649,-0.8969991831018758
5.528757617621395,0.538544142486248,0.8425972979981313,0.9694886189821381,0.24513632465244062
6.036163695922884,0.19196801078003536,0.9814011834296698,0.42611015979657463,0.9046712837921506
4.366432781761222,0.9078126520967565,0.4193759514958543,0.08669263200345156,-0.9962351065668756
3.715552351956753,-0.9164734216083029,0.400095572939229,0.9868520071994195,0.16162647025310195
6.08177251366484,0.27645030895415174,-0.9610282132586713,0.0786045329941561,-0.9969058768974987
4.62029268628598,-0.8827498401571681,-0.4698432927077859,-0.38666904623779164,0.9222185471359576
2.6376128065151057,-0.19001640474936765,-0.9817809154419964,0.6405073237037553,0.7679520611873197
1.6897343536924434,-0.8028345995122337,-0.596201816355864,0.6872523645032382,-0.7264187411436384
5.630348845243725,0.9641305760876956,0.26542839383307915,0.9271029930331057,-0.37480667057705497
4.838867214455401,0.08810287247955063,0.9961113812525445,0.999268137832992,0.038251649791671505
1.2725364340780982,0.5872906983898615,0.8093760779666945,-0.6010618395686388,0.7992025181481625
1.2752134629036938,-0.06002685716318993,0.9981967623765917,-0.9723931548862238,0.23334856402047202
5.067146076410609,0.8122141376206008,0.5833594043548315,0.8291669468443587,-0.5590010503217364
1.9877308569295526,-0.9876593994182458,0.15661708317035572,0.2567616294571331,-0.9664747620287443
5.920967512050571,-0.6593827070013168,-0.7518074525486,-0.882999719991757,-0.4693735127747185
3.204121626345648,0.6813295030078472,0.7319768495868431,-0.6342580405498203,-0.7731214251318499
3.020495731897877,-0.9992458822594805,-0.038828685111298875,0.9966186790712633,-0.08216573815313935
4.362444827681335,0.2756480404650062,-0.9612586321005405,-0.9975031832657427,0.07062152203620481
3.004174606057898,-0.2473866218930966,0.9689168485005935,0.11232649913891993,-0.9936713529085932
0.6624172628125404,0.22642101755186408,-0.9740295287160335,0.7775869490455869,-0.6287754262643985
0.35287579207411407,-0.9964529460619894,-0.08415180499776548,-0.9059715519776731,-0.4233385725482221
4.680559037769157,-0.8768851518607086,0.48069993805514694,0.5083629404705324,0.8611429154072825
2.388193891121431,-0.8845694294315922,-0.4664085382098696,0.9642567449933399,-0.26496967701012364
1.6857358873382104,-0.48839946442924037,-0.8726201711771457,0.9228752744034656,-0.3850989845412838
1.421894053256906,-0.1688809921640796,0.9856364494506461,-0.999783854780526,-0.020790471860734183
6.0357135829996915,-0.8235882073564496,0.5671882092422142,-0.6595627192064538,0.7516495323174148
5.170964926190598,0.1707766768602487,-0.9853097617706679,-0.8079133064460023,-0.589301356919775
3.695797182569657,0.9979535632447845,-0.06394283077122934,-0.8822302204134085,-0.47081826450267283
5.485699059564523,0.8275354627604499,0.5614134464669048,0.9797887974515087,-0.2000347779475522
1.221804340617587,0.9996833137056813,-0.025164902114421177,0.3654903501158237,0.9308151287834833
0.3839605354779019,-0.958352923859765,0.2855865426266432,-0.9955530809119677,-0.09420224565629498
4.04874645351464,0.9750640644979562,0.22192356820474354,-0.4258089383884265,-0.9048131011366498
0.5524121363384875,-0.49360612662307185,0.8696855706289301,-0.8765484113442066,0.48131370494714504
2.542384800254596,0.39647292905170933,-0.9180464130582714,0.19036716782609625,0.9817129628429436
5.089410882022065,0.6217648768271017,-0.7832039567980866,-0.49929103413779513,-0.8664343386717837
2.6606620873243743,0.8720330767180132,-0.48944694616445983,-0.546693547464139,0.8373327684744429
0.08919894674144124,0.5628791402078249,0.8265392147496087,0.48701266458501813,0.8733949075497296
0.8741129279528325,-0.8797051092859867,-0.4755196322930635,-0.19977547588138522,-0.9798417011111368
4.784184162557805,-0.008783618262633719,-0.9999614232810266,-0.9980154352876852,-0.06296976200949238
0.601214030147501,0.6067427009268899,-0.7948982921556333,0.9499795542236794,-0.3123120979997081
5.270314972531506,0.9998226897989063,-0.01883053274020494,0.5133589939370574,-0.8581739586726762
5.441166356944327,-0.7090232869004065,-0.7051850669384201,-0.9982402058651036,0.0593000117571274
5.100274952156324,-0.8807659247912749,-0.4735518828244381,-0.7715061618036787,0.6362218499068985
5.702782808710915,-0.9442152595692195,-0.3293289291827115,-0.9701834587187715,0.2423717319088214
2.8136491935038013,0.9432890462577855,-0.3319725518925886,-0.7860908202856096,0.6181110112776649
2.091080302731898,-0.9975449185401323,-0.07002953301829848,0.5566691595151217,-0.8307342817319676
6.152777121765435,-0.33266364523487213,0.9430455445730324,-0.20720638402086372,0.978297252587882
1.9103875694391454,0.9125878158876479,0.4088807629290138,-0.6895145100967424,0.7242718690975436
5.706282861874747,-0.8904326411512937,0.45511505311550776,-0.49808806034190284,0.8671264522229968
4.82034283576166,0.589731902816478,-0.8075990854381003,-0.7393575120958487,-0.6733130544608777
5.186351465746071,-0.7513090764683097,-0.6599505069445251,-0.9301111530499124,0.3672781547712337
0.1689269821947051,0.9849215669041625,-0.17300146544769304,0.9999877522784838,-0.004949271969266672
6.251601438955308,0.9058732351991844,-0.42354891305463555,0.8920463609338877,-0.45194390132472007
4.521780361239215,0.3148760340232222,-0.9491328058800869,-0.991598485837917,-0.12935394421489502
2.0175583856453367,0.5636125791854188,-0.8260392609216344,0.5014566470967909,0.8651827732233486
4.940317398255735,-0.1898178007437,0.9818193329329103,0.9135348954031283,0.4067603654251425
5.277874028731589,0.1387226569445948,-0.9903312700557487,-0.7618340855601363,-0.6477722023047539
0.12442171739154197,0.9749599877457948,-0.22238035501077802,0.9950207671676788,-0.09966781278348442
1.5695643424942136,-0.6780537972472668,0.7350122774747117,-0.7358470711012739,-0.67714775931969
6.140582593232268,0.556940091527345,-0.8305526680768129,0.4332487921055284,-0.9012743667380653
6.203324003210883,-0.7947111140201317,0.6069878460503813,-0.7437548653703974,0.6684524667004096
5.717979549898787,0.9979527479505452,0.06395555376943864,0.8770034851711985,-0.4804840132591004
1.6401075281425264,0.9090986165538248,-0.416580970976738,0.3526204567868584,0.9357664310368413
3.1515969812110782,-0.3016962015374488,0.9534041126289917,0.31121911178614564,-0.9503381842581317
0.7561592852237664,0.95054943833749,-0.3105732848721576,0.9045969009669913,0.4262680456718697
0.6684226475810962,-0.20522605537363164,-0.9787145989489372,0.44549579901241654,-0.8952840292679684
2.451046295900289,-0.6024331708146158,-0.7981693270868332,0.9728153086686959,0.2315823292477861
0.22637340592695263,0.12264643687394589,-0.9924504277404113,0.34226780640411103,-0.939602441833416
6.221957430529449,0.7141219512997474,0.7000213130125691,0.7556178441634238,0.6550127278013916
1.7412141253749087,-0.9597921117929118,-0.2807117777010839,0.43942047515760374,-0.8982814959756579
0.9130540981955723,-0.9386028164772924,0.3449996418851679,-0.8468215434637206,-0.531877122581637
3.521684365264205,0.9582340425796498,-0.2859851738140666,-0.9959475789054825,-0.08993564405900428
4.424744143213144,0.7591981570465989,0.6508595534652986,0.408738353373428,-0.9126516084912022
6.137500198226271,0.8373954237816956,-0.546597570639931,0.749174885028236,-0.662372245525829
3.208058723651395,-0.152278702240891,-0.9883375925481283,0.0862999035068492,0.9962692039076128
5.384881784413434,0.9685637640876942,-0.24876542142403435,0.40875311080005594,-0.9126449991159088
3.3817544630769225,-0.2801852393398314,0.9599459524661175,0.500476330243306,-0.8657502196743547
3.6527760050600513,0.06333458392113304,-0.9979923499103271,-0.5434657906140214,0.8394313160898136
1.7077904317373438,0.08733630073818051,0.996178884826099,-0.9987728285336455,-0.04952612424671701
2.2075861183857173,0.9090217901118963,0.4167485874022412,-0.875589748793495,0.4830554748760687
4.531489984012216,-0.49420176605385513,-0.869347234670503,-0.7662477261612484,0.6425452685630146
1.1397111927620653,0.9297475310503499,-0.3681976758560253,0.7230137484164023,0.6908336410459925
5.72596675626156,-0.6034723467845581,0.797383926766986,-0.09050607409868222,0.9958959034714643
0.8576986876773491,-0.5735747424583941,-0.8191532303627855,0.24433661906877158,-0.9696904746268482
3.581517331872265,-0.5719805310989073,-0.8202671955185163,0.1681904155717674,0.9857545252798976
1.9516529803664135,-0.30439053431088015,0.9525473230354159,-0.771147221389859,-0.6366568643647061
3.4453378385481526,-0.18187141942236432,-0.9833223209087112,-0.12056191588571799,0.9927058096122763
1.2844835037829359,-0.07551680637927694,-0.9971445291201646,0.9352252507045463,-0.354053287577758
0.2878823766867533,-0.8215667371617719,-0.5701123541806125,-0.6258893596215898,-0.7799118600922006
2.374965751747338,0.8193767790832471,0.573255347902803,-0.9878327826120679,0.15551975307625415
3.1433615979176204,0.6136715372804828,-0.7895614253063589,-0.6150672666176361,0.7884746397541964
1.0377700749998773,-0.6939846037904513,0.719989839999017,-0.972750779653763,-0.23185323090911636
3.863416426487292,0.9934588823274682,0.11419040732328518,-0.6702402881261783,-0.7421441613140519
2.284290953397605,-0.827678610037733,-0.5612023863865926,0.9660126043442923,-0.25849496754861173
2.0765765014025037,-0.8419917619047084,-0.5394903825691472,0.8798810930963825,-0.47519392042777125
0.355842749238936,0.7179622096257128,-0.6960820824797634,0.9154855761283832,-0.40235079209675045
3.696425893417353,0.7613613007341611,0.6483278258291759,-0.30560808672162443,-0.9521573910495827
0.742400757172925,0.7426666574277022,0.6696612844902743,0.09450172868417372,0.9955246974714906
0.9910779776240591,0.8234258483570631,-0.5674238911584979,0.9257795214196387,0.37806385402471987
1.0424346100682256,0.8465223044966971,0.5323532548877684,-0.03301033732485392,0.9994550103079675
3.473133831374272,-0.5543969140971449,-0.8322524026036591,0.2533067545254381,0.9673860078126981
0.838852405721352,-0.06410477224725313,0.9979431738205977,-0.7851889331706197,0.6192562791174457
3.5073272397032613,0.5874149358873242,-0.8092859155431353,-0.837993361183021,0.5456804253527727
0.6216547413215809,-0.5884678820404987,-0.8085205945470837,-0.007507754529058996,-0.9999718164138083
3.423022442540675,0.3138526570381938,-0.9494717002997329,-0.565201755993312,0.8249527107792763
3.7927783326430884,0.8270214610763105,0.5621703504447781,-0.3170362416020414,-0.9484134233080277
0.8082017516690088,0.9593472333172124,0.28222842862938163,0.45865267519942315,0.8886156219268331
5.588326635775923,-0.8996994441508617,0.43650991992694804,-0.4116116968920198,0.9113593204558079
5.023820170763785,-0.7564246031694131,-0.6540808969233056,-0.8544015938262413,0.5196132373864034
0.12079018238477741,0.977611999761538,0.21041572641379858,0.9451344618895987,0.32668157118003865
0.7127833093998791,-0.9354307410134859,0.35351001225843753,-0.9388702002357697,-0.3442713277478182
4.207451947376747,0.9465959647764184,-0.32242220684841444,-0.7401035127692921,-0.6724929667933743
3.8779713943170133,-0.34706469259467754,0.937841190796268,0.887005008871049,-0.46175980145273626
0.33339145887848676,0.6146042587155371,0.7888356008502184,0.32261672125654667,0.9465296884755785
3.500646838590159,0.8790280130660344,-0.4767701251601023,-0.990503762733854,0.13748562110299706
3.3403940111409756,0.8747614392830518,0.48455384050014866,-0.7618354554221838,-0.6477705912293903
0.7962963682655025,-0.7673231372210348,0.6412606358457292,-0.9949885464280064,-0.09998896177620298
2.914797239221216,-0.18052201515106053,-0.9835709440837506,0.3970611880751006,0.9177921403696971
1.2952470556107065,0.530512342227806,-0.8476772114100787,0.9600387769665972,0.27986701613530707
1.8294508480695586,-0.5894213629298074,-0.807825759011167,0.931715667910894,-0.3631885380478804
2.154268080228406,-0.5733200772938637,0.8193314890639551,-0.3679210521307559,-0.9298570316984205
3.7068502402621646,0.7191410918135238,0.6948640802813546,-0.23508678983593034,-0.971974383018728
2.1435232027862092,-0.5150360909359586,-0.8571684927908905,0.9994983219093307,0.03167182502527677
4.18032616996383,-0.13029031015976375,0.9914758872904941,0.9205145033255738,-0.39070839403226554
0.04466476285492454,-0.9907896619521293,-0.13540991754220003,-0.9837555016207296,-0.17951354553611518
0.638248580936155,0.8620984019749949,-0.5067409055051311,0.9942971352180912,0.10664523851113483
0.5687212162390446,0.9873873971046084,-0.15832286012760863,0.9172286693938846,0.3983611025714284
5.926939825491704,-0.072522313212497,-0.9973667901460869,-0.4158084075239377,-0.9094522352671452
1.2343284942271355,0.7907547367449261,0.612133111598664,-0.31673712599796633,0.9485133594286105
2.7710029162982153,-0.7138930836028085,0.7002547145032825,0.411821797656969,-0.9112644001466219
3.6023299412690406,0.8751788526502402,0.4837995203323471,-0.5688180780451997,-0.822463369451166
3.232788946390534,-0.7488166680183179,-0.6627771855593283,0.6853458841785369,0.7282177003063985
3.550094701427945,-0.9014980480528756,-0.4327831666745546,0.6554033311759488,0.7552790699360532
0.3612169201341518,0.9124856706926696,0.4091086662251838,0.7090163619540755,0.7051920295078551
1.3173879456152513,0.984439441872828,-0.17572417387802697,0.4169159972028345,0.9089450210416283
4.111402794060094,0.9600753730484324,0.27974144860194267,-0.3121558119312199,-0.9500309200639528
1.3179437918913413,-0.9600793495860866,0.2797278007248419,-0.511013210405947,-0.8595728583375625
0.02490006186416935,-0.783208793297572,0.6217587844987484,-0.7984462384189244,0.602066112943313
0.8411596873002526,0.6325406677746696,-0.7745271484016394,0.9989963109390498,-0.04479252984783594
2.9416298282663904,-0.9826995824123197,0.18520672430193394,0.926330125619887,-0.3767127531276905
1.708177445800335,-0.274704881895523,-0.9615285892071888,0.9900897755216478,-0.1404358800573878
2.6880884505398015,0.667486076352805,0.7446222786588764,-0.9262474051886159,-0.3769160972701431
2.1917575534795795,0.5668363230827991,-0.8238304333016429,0.34024228716011,0.9403378042108363
1.0212995752740541,0.06574117890233752,0.9978367087838225,-0.8166087628052876,0.5771915873517368
5.070255465848184,-0.9821492281268498,0.18810341222272722,-0.1678376139638761,0.9858146556726133
6.169182550654752,-0.5253958923548339,0.8508578943023728,-0.4251952315030396,0.9051016600951943
5.752034943303074,-0.3576370641951669,0.9338606589389351,0.16466068189089322,0.9863502723876676
4.306392655852852,0.7431322381105894,0.6691445857815382,0.32126099914068057,-0.9469906918397517
5.4378320665506195,-0.24074960476683877,-0.9705872592428828,-0.8859281718955112,-0.4638224598290574
2.5621486671817584,0.9999164829920996,-0.012923894177459564,-0.8296207534979443,0.5583273281557182
4.344343634905924,0.05920858151547162,0.9982456330357402,0.9100927205819203,-0.4144046813729289
1.2247186166639685,0.5747168000228147,-0.8183523689533354,0.9647826880824868,0.26304821758820407
2.727499476841481,-0.19454066976678414,-0.9808944529390974,0.5727710066996101,0.8197154224999766
5.123560140340825,-0.5745938764232267,0.8184386826005536,0.52056907703042,0.8538195570726268
6.058813651632073,-0.4146826017890316,0.9099661201239744,-0.20182637955569127,0.9794213151220684
1.6604950604789064,0.18199261419294885,-0.9832998974774768,0.9630441759577947,0.26934348916165074
0.08795272852393214,-0.6017248540281142,-0.7987034493758273,-0.5292413646456582,-0.8484713182824752
5.139068216713698,0.8002010500860931,-0.5997318396092657,-0.21479967655737137,-0.9766581279807426
5.416137004297677,-0.9581566586551273,0.2862443317776647,-0.4017647660442911,0.9157429075703376
1.1303511366493675,0.9857210095001445,-0.16838673175169092,0.572570703356532,0.8198553467885697
1.8263064780283917,-0.58406477580547,-0.8117070516284222,0.9329705304956013,-0.35995275971543284
1.5007638764171294,-0.019113461636605246,0.9998173211063439,-0.9987039676065852,0.05089582582948185
2.878284557163646,0.1882065753611239,-0.9821294644754517,0.07390488463779454,0.9972652947068168
3.62961615051266,-0.4534991321507006,-0.8912567178644778,-0.01733512785417357,0.9998497353814119
1.025356188208071,0.0030294441257469,0.999995411223616,-0.8533234505208246,0.5213819030147036
3.0252078953990194,0.2573504073471997,-0.9663181504236741,-0.1433984358609145,0.9896650385825717
4.186474806644504,-0.7264282232866914,-0.6872423418362266,-0.22970234613925883,0.9732609270787151
4.5252906742510515,-0.5321593403698127,-0.8466442207073559,-0.7328824507542753,0.6803552846685379
5.812072109471233,0.8747367557677355,0.4845983987890767,0.9993948611382206,0.03478378257919118
3.700433309476353,0.043067279698499654,-0.9990721742794016,-0.5662271147510036,0.8242492672248811
3.050651342845677,-0.8120826950161485,-0.5835423690318546,0.8617219058312299,0.5073808796265318
1.8276809441745223,0.3490401733103909,0.9371077619011873,-0.9950378474618161,0.09949714628347678
4.276915501224217,-0.8934719918240551,-0.4491189150168978,-0.030300840438254983,0.9995408241131201
6.1157041196581305,-0.849124768705396,-0.528192320249933,-0.9252929232234222,-0.37925322178282717
3.2440583182248033,-0.8597026643920482,-0.510794801106289,0.802946120628068,0.5960516146847822
4.307918781423707,-0.015367183364632778,0.9998819178660237,0.9252499402790563,-0.3793580736106756
5.546702832090759,0.005156740918627453,0.9999867039231563,0.6754975315054431,0.7373622481047243
6.052252749172509,-0.06962757924735594,-0.9975730550732378,-0.29610913396508587,-0.9551541136290241
4.688565850244815,0.9862911719806738,-0.16501431475174735,-0.18846181119303979,-0.9820805189605579
0.7621258317484143,-0.7902064927759748,0.6128406797648907,-0.9947539921728491,-0.10229611457029691
2.3563586542329675,-0.35937668725250144,-0.9331925828356212,0.9139178743035649,0.40589914883928196
3.3997794316483607,-0.981376026256668,-0.19209657750379533,0.8998002536321337,0.436302078339707
4.908364135562596,0.9720787119615703,-0.2346550185935401,-0.0408771148766727,-0.9991641814433498
2.7686664048260496,0.975829668644245,0.21853250969515484,-0.9883767845756664,0.1520241155602188
2.9960696655381107,-0.9366819040499135,0.3501813967437856,0.8760015935078213,-0.4823082086920746
1.4627405854909372,0.6377394444427141,-0.7702521671517051,0.834537176599671,0.5509516320631509
2.300690845769781,0.42249436612948776,0.9063655501997206,-0.9571796124320168,-0.2894947141909403
1.1343309565104036,0.32222045858120724,0.946664658721195,-0.7217012053164495,0.6922047170055865
0.013055270387380219,-0.9961617728488797,0.08753126478337268,-0.9972195929738729,0.0745190136074241
4.099029674870847,-0.9980937865864768,-0.061715420904895416,0.5240545507331758,0.851684699789687
4.034164194624556,-0.6645342364534248,0.7472578193510349,0.9988170379374949,0.04862637890866617
5.287870725152852,-0.6391900986678059,0.7690487746333392,0.29730607151686456,0.9547822263946941
3.4034381692579907,0.7390273971042904,0.6736753716214193,-0.539446792806026,-0.842019689633973
3.783415593211233,-0.34388381573788684,0.9390122050716653,0.8375987953923163,-0.5462858756707338
4.134965571157576,-0.6194497053102388,-0.7850363447580362,-0.31962280866563303,0.9475448591917387
4.11105398501672,0.7889703816954031,0.6144312303320933,0.06029327705528331,-0.9981807054546461
1.598255039758726,0.9523257183339152,-0.3050831463712677,0.27882178754531556,0.9603428610605875
0.08920116447372034,0.33413359447615626,0.9425257243398949,0.24884220862674683,0.9685440388571718
5.371402401561383,-0.14676288770339257,0.98917170137088,0.6921675470420936,0.7217368542770496
2.330583193516241,0.13242892156983616,-0.9911925043763448,0.6273848798461009,0.7787093248064348
6.269580064265257,0.06532978573093089,0.997863727718545,0.07889949905028343,0.9968825753566035
5.4422353231158835,0.11610009271323952,0.9932375186590452,0.817647273942034,0.575719493690426
4.748492459325518,0.06378215970536269,-0.9979638450882474,-0.995011254528726,-0.09976273533324326
2.860159573117273,0.034038576060003746,-0.9994205197712359,0.24487224911141733,0.9695553525277018
5.09037133601158,0.9918993298572641,-0.1270264516890487,0.2479966827428871,-0.9687608814090936
3.1190736510499737,0.9734285053566725,0.2289911460276898,-0.9783379167064195,-0.20701430079717478
2.1456811268724456,-0.31490643965225706,-0.9491227182327581,0.9677825691982417,0.25178740785839704
2.0241667530293017,0.2452800139467672,-0.9694522756475812,0.7640821583935409,0.6451189465708381
1.1025256171612239,0.6153753675481185,0.788234201881026,-0.42563501546872734,0.9048949295951084
4.956797374042783,0.7461883505473792,0.6657348913098828,0.8265140904696675,-0.5629160312649645
1.8157328366817023,-0.6426529094863053,-0.7661574498292023,0.8991296800366317,-0.43768232598224033
5.289451316559882,0.9563926663179556,-0.2920840081436018,0.27698718625460605,-0.9608736122148198
6.076795279714074,-0.7249943986599023,0.6887547618069633,-0.5684628405226966,0.8227089393855322
2.9307224000204233,0.8799563538435126,-0.475054539321993,-0.7610304366635474,0.648716174048166
3.831029772384001,0.9668206416627668,0.2554561544664678,-0.583506439386018,-0.8121085119582551
2.53551498400274,-0.9725302609342846,-0.2327764841368049,0.9319123040950381,-0.3626836879103845
4.904172852342699,-0.99066994073628,-0.13628304561307458,-0.3226163586688622,0.9465298120604781
1.842028566788162,-0.7976970581802121,-0.6030583747620418,0.7947295209534947,-0.6069637456430399
1.2681548629945982,-0.003618963784014418,0.9999934515291238,-0.9556249059889682,0.2945862166727692
2.1916831917123694,0.6420651094811756,-0.7666501126243483,0.2500390106138987,0.9682357632163887
3.9350420506262775,0.8829422032439008,0.4694816990371468,-0.2846518737112402,-0.9586309565169907
0.34191580548923695,-0.47218328172267415,0.8815003961777929,-0.7404110706115936,0.6721543323640737
3.80199216541906,0.24178477170967155,0.9703299048103702,0.40428296460931845,-0.9146339620453094
2.3405577871135423,-0.9616103866083755,-0.27441841112959364,0.8662996494229129,-0.4995246914915602
6.185664817450584,0.6356042193308101,-0.7720150752212495,0.5574162261429824,-0.8302331906353272
1.6986729258800202,-0.08085771598221278,-0.9967256542129032,0.9988989654717517,0.046913290008954625
3.0711891832128217,0.4566553237231785,0.8896437013295149,-0.5181063254569562,-0.8553162196062287
0.6138047265185114,-0.9955747053205368,-0.09397343308577305,-0.7597179829560674,-0.6502527096238543
0.06756169742970329,0.9613987887782677,0.2751588067565344,0.94062937449207,0.33943538389899347
0.8416263378312725,-0.41456149907121365,0.9100212983704437,-0.9548300214631253,0.2971525367765308
2.92832977627926,-0.07814592389495031,0.9969419313975135,-0.1346271697832864,-0.9908963241208144
3.4199464319370665,-0.17144239379611398,-0.9851941461506246,-0.10586149514690263,0.9943808846942214
0.8167657017678721,0.17947718502760307,0.9837621359122171,-0.5942322287422034,0.8042935150329595
2.0521031711582802,-0.9925455519000305,0.12187422780663668,0.35145881719347594,-0.9362033431989883
4.558444830989026,-0.22613164273122985,0.9740967509214243,0.9972513727322039,0.07409250693379785
0.3658189417624469,-0.056862337860333,-0.9983820283503992,0.3040355752086257,-0.9526606788398271
1.8320040179849924,-0.47710172443946197,0.8788480781892236,-0.7258261855735935,-0.6878781493372845
3.1355565625591026,-0.8734735144649934,-0.486871666384657,0.8763963861268297,0.48159046334394195
5.671524470603921,0.7311078563241382,-0.6822619016339131,0.20678080708810337,-0.978387294388062
3.423102075162252,0.7588020200730754,-0.651321344908195,-0.9098744114935596,0.41488378530529313
1.7707441682160994,0.22378651602155428,-0.9746381868400882,0.9107723330109265,0.41290889724227775
5.125755103000318,-0.9814598176901701,0.1916680105275217,-0.21872216707558387,0.9757871764015761
0.23630808857526317,0.018030593516982597,0.9998374356351263,-0.2165473580642027,0.976272114584563
3.9905154861880536,-0.9712486663943163,0.2380672762629549,0.8204792969326726,0.5716762399338171
5.4383142908510775,0.607752275661189,0.7941266721554227,0.9973586472078821,0.07263421259753283
5.207595210880895,-0.8452745773272232,-0.5343321896763138,-0.8718288182592573,0.48981068960636936
4.7957431965011015,-0.9780213819608933,-0.20850461967856873,-0.2892085384305122,0.9572661183280682
0.2955857195458499,-0.840657979999497,0.5415663954338058,-0.961958469936124,0.2731957212661852
6.163780287332424,0.3951581514292687,0.9186131042822125,0.5017710583603079,0.8650004653131561
0.24918974513116482,-0.1329166377196527,0.9911272206015243,-0.3732418013712384,0.9277340986021549
2.687292340526921,0.9521803486104966,0.30553655054672785,-0.9896788081541719,0.14330337292100903
4.348356849734564,-0.3181808927749085,0.9480300203437453,0.9991912007267066,-0.04021124706250795
2.656071633191898,0.19370559807452148,-0.9810597032161661,0.2865109611459174,0.9580769641021761
0.5008693390196206,-0.9228508257571721,-0.385157569572903,-0.6245447084949773,-0.7809890569597783
5.224920147999124,-0.37603689416946,0.9266046914533653,0.6231388431553384,0.7821112338734348
5.084279635800481,0.9863971902134,0.16437938781705458,0.5115772793114037,-0.8592372706606378
5.5345666994866045,0.7548167622112931,0.6559357098716766,0.9994490301242782,-0.03319090513438605
2.717668719042285,0.6370144549680969,-0.7708518561706252,-0.26354477785052605,0.9646471635099109
2.8777199907834503,-0.19536637588050823,-0.9807303294868146,0.4443993686379919,0.8958287789271754
5.347122570389136,0.9994551788162942,0.03300523499824387,0.6192167507044621,-0.7852201064969031
1.1625475057193575,-0.9615228092827905,0.2747251121192427,-0.6338746298542993,-0.77343581092879
4.456513729869852,-0.7809838548481887,-0.6245512136458173,-0.4065561985155149,0.9136257753854218
0.628188230700437,0.657962748888791,0.7530504771094071,0.08980085517367453,0.9959597413600998
0.8050261658718785,0.7583211263624465,0.6518811772956712,0.055678838984694334,0.9984487302257019
1.341371339119076,0.9998151027202986,-0.019229154229938216,0.24610086573193998,0.9692442230346228
1.2081650613225634,0.7128144325712346,0.7013526821208778,-0.40288071494719346,0.9152524949562488
5.1265133607227975,-0.44361806393793685,-0.8962159412485121,-0.9989647204489197,0.045491617891780634
4.129460964905915,-0.6714733237488434,0.7410287278464183,0.9882775572382856,0.15266784160106273
5.671417354615836,0.38098824734896086,0.9245798804765152,0.8428906150109392,0.538084947872063
2.869051190574796,-0.12191145743161871,-0.9925409797821442,0.38458383487766795,0.9230900681682079
0.48968079225285827,-0.8217938646422509,-0.5697849103270055,-0.45722411147072817,-0.8893515119961302
5.959526847675519,-0.983517797683111,-0.18081134267673352,-0.9899565526612788,0.1413719344247526
0.41949381831773874,0.7982784925810689,0.6022885091735493,0.4837529019941405,0.8752046216812659
0.3654026846294722,-0.46851313508124426,0.8834565310508173,-0.7532633517663041,0.6577190303509496
1.057396363186017,0.8119772621342848,-0.5836890660076741,0.9072355942019987,0.4206228436651372
0.9132736769264607,-0.8442089704044898,0.5360141922454957,-0.9402048713177121,-0.34060945370092777
4.104872800706237,0.5154349138985731,0.856928730720572,0.409371463733026,-0.9123678012079777
5.28069705019713,-0.9503842006208469,-0.3110785611550138,-0.7736842666570865,0.6335713499893175
2.1725539144902326,0.3263614395028923,-0.9452450533092464,0.5944544680748602,0.8041292715638667
3.666711473320213,0.9426305021138531,0.3338378895281139,-0.6482663835144948,-0.7614136169028223
3.6573035196927473,-0.9170324326811273,-0.3988126344675324,0.6010895723324864,0.7991816602207213
4.327009593189809,0.8601370840068007,0.5100629340740983,0.14931806389808056,-0.9887892170699116
1.4447199638531192,0.705270478727397,0.7089383272440758,-0.614628849021268,0.7888164412274832
0.5191631935084418,0.3969502294440179,0.9178401360500321,-0.11074389042480703,0.9938489778299208
3.0854594431966045,0.9358272256207595,-0.35245908101076384,-0.9145789749073725,0.4044073424869778
4.795821718998986,0.7998402651165873,-0.6002129208024659,-0.5314696154844157,-0.8470773564538525
3.733914917310924,-0.9976784985145177,0.06810002644505682,0.8657399054664584,0.5004941718770836
3.0142339181346083,0.08130404466999593,0.9966893459450138,-0.20723976403223765,-0.9782901820032043
0.3973153706120707,0.9596653319325128,-0.2811448926921135,0.9936977896553123,0.1120923852638821
1.1144372842936516,-0.652770182411921,-0.7575559972397469,0.39236543687975073,-0.9198094171849744
1.2876062994758346,0.9999483282491638,-0.010165669269785979,0.28916635238065574,0.9572788625321602
0.21480041226340585,0.7714668249009361,-0.6362695482869414,0.8893601134033993,-0.45720738039438175
1.2609029064227657,-0.6677568573411268,-0.7443794593309934,0.5052845275366676,-0.8629528064917841
1.1066858531681647,0.3926561361655693,0.9196853585501543,-0.6466374267003788,0.7627975081175293
1.1549468837060306,0.6574538153374041,0.7534948445067761,-0.42368739177892095,0.9058084753674891
1.0298551545943777,0.6816603463060771,0.7316687585744516,-0.27618808645575593,0.9611036057053931
1.4004956636471935,0.3849681520887788,-0.9229298575067072,0.9748225113678846,0.22298222200527687
4.5669829616307105,-0.9607693196444942,0.27734872350500506,0.41363178480795937,0.9104442578195449
0.9653814607732922,0.1731158005386001,0.9849014771051364,-0.7113302981012481,0.7028578853532123
2.993802303116977,0.6495974284184793,-0.7602783575718164,-0.5305628650088279,0.8476455900160303
1.6252452339344887,-0.8309593060563537,-0.5563332020276546,0.6007312031281169,-0.7994510751686091
2.7943144919925538,0.23942110236391217,0.9709158232013984,-0.5555694909036919,-0.8314701081680643
6.19124997644578,0.9208938552022872,-0.3898134264628001,0.8812176860345118,-0.47271068299751856
4.820074350253401,0.8847758641603395,-0.4660168132152792,-0.368224044195547,-0.9297370882546719
3.1899247295871778,-0.39876229634482785,0.9170543228259707,0.44260251956266894,-0.896717909755781
1.7007029347709441,-0.759496268866086,-0.650511658295602,0.743416759418146,-0.6688284696513914
0.6335332545351907,-0.09314269142289021,-0.9956527703142799,0.5143549968752716,-0.8575773651335716
0.1915574087596948,-0.42737300040347753,-0.9040753942709254,-0.24743073507349198,-0.9689055843274883
2.863923008860118,-0.5119294276915671,0.8590275089095719,0.2568483274018256,-0.9664517249769305
1.8521765397792935,-0.9985012174433958,0.054729505424920125,0.22468849812776126,-0.9744306434062361
5.057917559628846,0.9997749029148264,0.021216585532300998,0.35858043617154683,-0.9334988327764653
2.945129530734914,-0.36296612801571965,-0.9318023341424275,0.5378732090904128,0.8430257474969439
0.5419725629392385,-0.7426364246697432,-0.6696948116520994,-0.2907647318182769,-0.9567945812611218
4.712110963871153,0.985313510331471,-0.17075504782662893,-0.17102897465088304,-0.9852659995300089
4.628167415615555,-0.815153194881916,-0.579245430602439,-0.5086199285629601,0.8609911545820952
5.968772404178941,-0.0991433707294182,-0.9950731591397736,-0.40201771724186186,-0.9156318883829039
3.4845242801242016,0.9987361523965085,0.05026030139402376,-0.9236826994198332,-0.3831582842540273
1.1338028757746037,0.999471030826244,0.032521662613173796,0.3935279521438412,0.9193126513224293
0.047591880705422786,-0.9996676400966853,-0.0257800182995281,-0.9973092801589108,-0.07330893335000249
0.7003534656990615,-0.5280852257534394,0.8491913767466901,-0.951075229846471,0.3089593940511963
3.597763578611516,-0.29174506371068765,0.9564961148904092,0.6832626623487779,-0.7301726742627801
2.9344493369926865,-0.7629290325061178,-0.6464822436535123,0.8795783151902075,0.47575412499226544
6.118583434242842,-0.9977172258647191,0.0675302688637405,-0.9731662683404432,0.23010305118432572
2.626463117843136,-0.5545027929898924,0.8321818626757066,0.07257198355486455,-0.9973631771841752
4.5060077208750595,0.8914370648822393,-0.45314452369430475,-0.6262009471884981,-0.7796617046772453
2.0401546127481613,0.7888824125811962,0.6145441718217426,-0.904909190552974,0.42560469552480445
3.963050813116095,0.7659509548308859,0.6428990082381945,-0.051038852034116844,-0.9986966684549616
1.4518214212887377,-0.7079549348030385,0.7062576090124802,-0.7852952560020374,-0.6191214427724938
3.377355355863157,0.6160423101078605,0.787713064609805,-0.41500271861781207,-0.9098201709897539
5.3857476662773625,-0.6467491705188778,-0.7627027667664144,-0.9995513598339508,0.029951278004450133
1.0859177814764007,0.37003521349758206,-0.929017728986804,0.9944050590344635,-0.10563417329001606
4.297059048786061,-0.8796882096095562,0.4755508951457599,0.7900681107267731,0.6130190701867498
2.9153043171347552,-0.6682060577589781,0.7439762525606615,0.4842506910799652,-0.8749292932509324
3.3227908016370815,-0.8305265054261353,-0.556979105339376,0.7165573048665127,0.6975282279896919
1.5074423644679795,-0.09915530101895341,0.9950719704020613,-0.9993533456179429,-0.0359567879853612
5.7787032186229785,0.7218872845204712,-0.6920106563107683,0.2974719262775532,-0.9547305656973186
1.5164825205721226,0.5009716966742883,0.865463667135302,-0.8369911229532448,0.5472164654846071
0.4117248768544406,0.8961121917851844,0.4438276013656124,0.6436101462964278,0.765353499753082
3.232317840513458,0.5936986103694988,-0.8046874921640861,-0.6641622139278311,0.7475884921469044
2.9416023402994798,-0.14029858267968578,0.9901092402851674,-0.05919271865662604,-0.9982465737772594
3.134694276476378,-0.73850270559076,0.6742505126695323,0.7338339364570455,-0.679328899505944
0.16111841359660709,0.9931238741991394,-0.1170682300869536,0.999041759928904,0.0437671328528417
1.9159747122845903,-0.9571237050355751,0.28967950092986133,0.05126394106213156,-0.9986851397446436
4.409718940566667,-0.7156497100513001,-0.6984593706891548,-0.45339656150651997,0.891308901567837
2.9574472466394734,0.4253327165122206,-0.905037060160707,-0.2524235264159236,0.967616847368704
1.9757616217764533,0.8990243322929572,-0.437898675432117,0.04827593393489105,0.9988340373669261
4.309032974040534,0.8588279260156652,0.5122641833035286,0.13405825857149717,-0.9909734523733609
5.471912859768614,-0.6849843519047815,0.7285577792087505,0.05665986683480312,0.998393539387281
1.612438827507556,0.9703579901896098,-0.24167203163622616,0.2010660647368711,0.9795776832958315
5.892632459894611,0.09286554648635659,0.9956786581401603,0.46492721006954557,0.8853489082485777
3.403751496077593,0.15754808596488795,0.9875113166991051,0.10376449191060635,-0.9946018953423192
5.134827500974836,0.7783266068085557,-0.6278596125997276,-0.25356278761251383,-0.9673189302077011
0.04593746221926527,0.3292000252865422,0.9442602095563172,0.28549107583171973,0.9583813675257087
4.844716025133939,-0.019796709809136805,-0.9998040259374498,-0.9936752856648132,-0.11229170342884537
4.818484782926337,0.9246319558721856,-0.38086184657953936,-0.2808046722992357,-0.9597649378962115
3.4653632577594498,-0.23383196982043475,-0.9722770232242945,-0.08764096100999774,0.9961521279168378
3.25468944194568,0.691234505206212,-0.7226305133415855,-0.7683715397365541,0.6400040444582182
0.9762368412758043,-0.423631622236406,0.9058345592001615,-0.9876837834945477,0.15646323472910678
1.88162265009381,0.7937633560611949,0.608226713137847,-0.8218501241013514,0.569703759435194
4.1122587306573575,0.6974767502973058,-0.7166074119032748,-0.9852888840323046,-0.17089708892305894
3.319045120281588,0.18500158349873505,-0.9827382225714845,-0.3555719530185186,0.9346489106753383
3.142945134236981,0.943268664220128,-0.33203046110315754,-0.9437168661409132,0.33075440520297517
3.8075191732790956,-0.07210965562784578,0.9973967102237873,0.6728827282669636,-0.7397491696514487
5.389527047760088,0.9722186873632247,-0.2340743983047447,0.4267279385211223,-0.9043800453822017
4.044227285931562,-0.0975731707686067,-0.9952283538696837,-0.7207654664738155,0.6931790117558259
2.380179837282536,-0.9979529981007268,0.06395165034438677,0.6782571116688036,-0.7348246664822106
2.2408748283312723,0.0033172177968433182,0.9999944980179083,-0.7858287526810083,-0.618444153873097
3.3931237254104376,-0.7185114281119751,0.6955151527267326,0.8690064441156665,-0.4948007680728125
3.926234640485144,-0.8408056623508283,0.5413370836722576,0.977482353957603,0.21101717394919145
2.7811975024952913,-0.3551665246823815,0.9348030486391448,0.002697045667924225,-0.9999963629657186
4.179832151453769,0.3183473549100872,0.9479741355236181,0.6550538336207276,-0.7555822093318425
3.8987731767786884,0.5466968930083748,-0.8373305841631427,-0.9724674094205393,0.23303891867004795
4.742142420128131,-0.2921154390671231,0.9563830666937918,0.9472696138572183,0.3204376361521794
1.015653616897702,0.999897550807459,0.014313905450470866,0.514846268685978,0.857282520304786
6.2209707374971615,0.95169613473143,0.30704147462070314,0.968945018594217,0.2472762644117963
6.144647086617231,-0.8465789071804466,-0.5322632374278359,-0.9119709183626398,-0.41025485257435207
5.015091994697587,0.9226553620049692,-0.3856255735340684,-0.09304793383717536,-0.9956616302783957
4.426585681143781,-0.3480603499011872,-0.937472129093267,-0.8013159836329334,0.5982413345585411
6.181945182291025,-0.21442733805760214,0.9767399432262053,-0.11461294451382434,0.993410223900414
0.81501344336665,-0.023922713377215833,0.9997138109402468,-0.7439341481223105,0.6682529335944081
4.195879928814935,-0.9852379078788902,-0.17119072661341028,0.33769874589461324,0.9412542467480322
6.074588369269569,0.9486645184024933,-0.31628409938560853,0.8626013109940543,-0.505884352665052
0.3666847419166227,-0.7777134353350115,-0.6286189724303705,-0.5006378034151157,-0.8656568545282177
3.071028177082734,-0.8699875475481756,-0.4930736933878249,0.9025870813852565,0.4305073292250021
0.23692145912124066,-0.9962310088068524,0.08673970885172007,-0.9887602243303639,-0.14950992870765684
6.160868243370926,-0.38564068442698557,0.9226490462330117,-0.27018488660323625,0.9628084581323517
4.658880007484409,0.9620196311570206,0.27298027267278857,0.2211374448317368,-0.975242652109356
1.0926241282559677,-0.3873748572004955,0.9219222960797161,-0.996770481303564,0.08030322286098612
4.740681847813009,-0.4616818656439272,0.8870455765830427,0.8736300051398184,0.4865908076807462
5.62684133463391,-0.7450517349141098,0.6670066808522049,-0.18322739573463143,0.9830705577181655
5.330109172224109,0.11625127230376878,0.9932198355287489,0.8770039909774269,0.4804830900350868
2.8390532063354774,-0.9908176619654854,-0.13520488429509192,0.9861013050416096,-0.16614516603029558
5.749604474847662,-0.6310774570225556,0.7757198226408453,-0.14880585488382414,0.9888664305922688
3.999761328829269,0.9893041108575282,0.145867666877878,-0.5364607427894191,-0.8439252759846839
4.392467047012941,0.8580944152142437,0.513491942077113,0.21757312657049138,-0.9760440228772168
4.081088651545183,-0.9922516010123577,-0.12424475960141365,0.4853239779912463,0.8743343962047657
3.1944678022765594,0.11092787983598901,-0.9938284587770126,-0.16329719602215806,0.9865769233928497
0.7631230718402802,-0.9962362914330185,0.08667901494471299,-0.7798719250838099,-0.6259391188175352
1.7046192257658128,-0.9523751580811693,0.30492877573274024,-0.17513289083749928,-0.9845448037275403
5.8313472335617815,-0.9992514119343919,-0.03868611827418307,-0.9158637472914849,0.4014892232640858
0.623326582068629,-0.665829726392318,0.746103729686651,-0.9761446418798152,0.21712125213651384
4.944112668386593,-0.9851029850115485,0.17196542943666587,-0.05886516482813045,0.9982659427075318
2.0138002157341086,-0.6421342540002878,-0.766592199177303,0.9678458635741699,-0.2515440008475041
2.34281262340605,-0.6774178252766274,-0.7355984570385427,0.9996144475985891,0.027766097172044424
0.9666422438461754,0.9082954788035902,0.41832920431755294,0.17169408040890383,0.9851503148010161
0.4017243825559058,-0.7194991238801188,0.6944933482300183,-0.933769527905053,0.3578749345175972
3.0093104951047853,-0.3029096267494461,-0.9530192852311601,0.42596334955632903,0.9047404184818719
0.8191888725623956,0.17733109229354935,-0.9841512504213855,0.8400974064761766,-0.5424355700283691
1.5854087494995566,-0.4545762307498408,0.8907078367440513,-0.883970521525601,-0.46754263663729867
1.5521531430825601,0.9078378743778157,0.419321349140691,-0.40232447198878546,0.9154971432172494
2.4030764406690786,0.8772288681034246,0.48007240387881545,-0.9718635243895977,0.23554466659432133
4.765566360903963,0.9305475296468142,-0.3661711281193691,-0.3161927533206312,-0.9486949682313691
3.8916413866276423,0.0823771172586299,-0.9966012294554718,-0.7396292449534494,0.6730145466552641
4.35273186510651,0.8386666688780446,0.5446450390052262,0.21462581115122115,-0.9766963505551152
3.5037371026341195,0.5107189555721205,0.8597477237069735,-0.17300156346371376,-0.9849215496876442
1.9364197192242425,0.7467634021834196,-0.6650897842843808,0.3541365774251934,0.935193714975443
4.693920427422981,0.9521429888693743,-0.30565295474916404,-0.3231845326180874,-0.9463359645899697
3.0690639228178025,0.8447743066972454,0.5351227623117787,-0.8813311040997504,-0.47249919041868726
0.4433730176634569,-0.7597157999272959,0.650255260140838,-0.9652109513104752,0.26147240670925
3.2284235093634104,0.8045253823409764,0.5939182680883842,-0.7499887361252819,-0.6614505995803484
0.8125477247802965,-0.5315044669340687,-0.8470554891086719,0.2495078840744041,-0.968372766957391
0.8712572561395768,-0.8815910644217719,-0.47201397768677067,-0.20646937770816193,-0.9784530627826786
4.029051375664735,-0.7538616685794749,0.6570331686045766,0.9854860924421183,0.1697561828127762
1.346615517739829,-0.19616760602202757,-0.9805703801092437,0.9124235448679776,-0.40924720496364253
4.150656500846924,0.8729136481615538,-0.48787474094616445,-0.877865065125248,-0.4789080573895621
1.7910104615591431,-0.23824543909121249,-0.9712049787517748,0.9997930530508752,-0.020343329894835116
5.999414471771084,-0.9971394458811769,-0.07558389688140965,-0.9784221681709091,0.20661573229485009
3.1582081716558377,-0.9860863936114249,0.16623364381019254,0.9887122106494163,-0.14982711541221175
3.7339052372934427,-0.8810652525711617,0.472994736452442,0.9950414433744889,0.09946117819136202
2.357106348784955,-0.2836701714056727,0.9589219122820566,-0.4766736863295225,-0.8790803130323327
2.345795435032217,-0.9338403144840971,-0.3576901830414734,0.9089640985387224,-0.41687440262948255
2.512756423627646,0.003996185643124449,-0.9999920152182745,0.5849675386712831,0.8110567049848371
1.8463220103769016,0.8952826917274858,0.4454984869707052,-0.6722595066286514,0.7403155784848797
3.8550369650300182,-0.9728192683315892,-0.2315656951337819,0.5840142776926214,0.8117433852216881
0.7065820485393661,0.6066332348311345,0.7949818352631169,-0.054735988456796114,0.9985008620765721
2.3428323647118896,-0.6813869580267371,0.7319233658184916,-0.049084640456255546,-0.9987946225682633
1.87057635359431,-0.020864441189916406,-0.999782313853287,0.9613549740658652,0.2753118483444172
4.353010878901114,-0.9465548115307097,0.3225430029748942,0.6348334559937168,0.7726490038504378
2.7069549514685534,-0.7193258472224207,-0.6946728190434305,0.9449589351457435,0.32718895288231026
4.089633852072705,-0.5602112202820528,0.8283497984970439,0.9996048173821976,-0.028110657521720317
1.9575160413079522,-0.9426624139303921,-0.3337477690755792,0.6646283001093478,-0.7471741582079501
5.951197159618877,0.4696517991932058,0.8828517358620216,0.7317489543700237,0.6815742569803946
3.8043324180149645,0.20348987396371168,0.9790770506932703,0.4419924953853971,-0.897018747865946
1.6537649930820284,-0.03365415078907841,-0.99943353862809,0.9987845989848163,0.04928818145092804
5.075600310268593,0.7835042260343732,0.6213864560692305,0.859209382353167,-0.511624117176164
2.6181547434182924,0.8177801868637364,-0.5755306820432011,-0.4205990255728291,0.9072466366359186
1.9098076591576798,-0.9955515134111094,-0.09421880993118964,0.41993173636405745,-0.9075556934944916
0.7704674851962594,-0.49253160617986824,0.870294557557313,-0.9595680956848689,0.2814765882692812
3.8892045219420357,0.21552085332796617,0.9764992379826957,0.5058669349486462,-0.8626115256160575
2.368673816620338,0.19312954922886003,0.9811732656440744,-0.8233391393769495,-0.5675496996475501
4.549225873267909,-0.39760973541327566,-0.9175546296022842,-0.8407802713917614,0.5413765189204239
2.5697975278892957,-0.8911116194599632,0.4537841796090314,0.5038014028492864,-0.8638195103649204
3.3741222156027026,0.08490674785617541,-0.9963889020701143,-0.31222921893973504,0.9500067972600422
1.0164426922702139,0.9935126702518311,-0.11372147576019341,0.6196695988478562,0.7848627830797795
5.155950522787266,-0.4256870843301459,0.904870436158956,0.6346176804445331,0.7728262415751683
3.7622447703069963,0.9345030290630232,0.3559551778974909,-0.5532062846576916,-0.8330443005118233
3.9883372059754207,0.9654386963546602,0.26063024302834537,-0.44428572966138985,-0.895885143541987
4.595202048287033,-0.9936189500744806,0.11278910431813327,0.22818837025468142,0.9736170025633861
4.698084475596282,0.9955150444494179,-0.09460336291524467,-0.10883354834882325,-0.9940599875026679
5.945147843170421,0.8940790875621967,-0.44790912603333927,0.6949378569125327,-0.7190697984408858
5.99054722456917,0.9953430903929081,0.09639570741010804,0.9808354018723985,-0.1948381749909669
0.779590418413834,-0.9528687020932792,0.303382986620986,-0.8909563321096396,-0.45408899378176676
3.1727781170623297,0.47225641643843175,0.8814612170326783,-0.44454247136462577,-0.895757774821425
5.582070898013563,-0.26070815127745883,0.9654176608377794,0.42354831655975045,0.9058735140953186
4.806366384517037,-0.11072141518675695,-0.993851481972554,-0.9998559876382781,0.016970680124363702
2.4293358936329392,-0.9595017401902081,-0.28170269890784244,0.9103412118577896,-0.4138585241278607
1.9282597406355888,-0.5195904996862142,-0.8544154215812296,0.982209847517248,-0.18778662210110897
0.34918262372947234,-0.5276834630451891,0.849441088497982,-0.7864583487981407,0.6176433158431345
1.6527474595958231,-0.27636968798743855,-0.9610514011028368,0.9804494679272354,-0.19677103659126438
3.8916504983907236,0.01915127852564189,0.9998165974471684,0.6675440390512323,-0.7445703163081152
0.7270627495761335,-0.9381070487581111,0.34634544182123556,-0.9310960654809847,-0.3647740627372373
0.8962252726159866,-0.4896402921306153,0.8719245290288866,-0.9867621002268536,0.16217446641160516
2.509650172404637,-0.8778005111648505,-0.4790263694189781,0.9912482760328136,-0.1320108149432277
5.750072448829743,-0.719462687733228,0.6945310943072884,-0.26665001360309626,0.9637934271644877
5.832022458377865,0.0035958599513887576,-0.9999935348747061,-0.4327734440489604,-0.901502715540004
0.8868121284303669,-0.7397059473093297,-0.6729302426813698,0.05415234687472276,-0.9985326851575564
1.2545250807388935,0.9984095261558464,0.05637746075567958,0.2569490019106616,0.966424963676495
2.7811526895037373,-0.9939169030037196,0.11013260154692942,0.8912073149717002,-0.45359621001605926
2.355270204376507,0.7897591726223541,0.6134170271999749,-0.9920797305732395,0.12560974558420385
3.2373403088719015,-0.6478336462831279,-0.7617818367114743,0.572038940038488,0.8202264632890377
4.833470916020003,0.5356954919237552,0.8444112386346868,0.9029335825105089,-0.42978011305170694
5.569857676840289,0.9290450793715209,-0.36996653969726023,0.4604443398359663,-0.8876885770995486
2.4218623024183477,-0.9071704225452155,-0.42076338298280547,0.9595368097115633,-0.28158322181649087
1.4694940286952443,-0.8808303442973053,-0.4734320485192047,0.38192730774255357,-0.9241923672052939
4.856128712132043,0.975302872250584,0.22087169891084044,0.3583014231267223,-0.9336059608771601
4.275436508751583,-0.818550408096974,-0.5744347042130005,-0.1740696375809357,0.9847333452627882
2.020757324867993,-0.9295200676309602,-0.36877153343409674,0.7363420628822961,-0.6766094637457006
5.221411150706315,0.9991719617045582,0.04068649583663929,0.5224484162014796,-0.8526708933747917
3.219235427090618,0.6466538998791119,-0.7627835431963221,-0.7038708774384196,0.710327943906242
5.329836533383252,-0.18604053341769228,0.9825420703082696,0.6934151252470804,0.7205383154826507
2.3040782719565818,0.28219608665533846,0.959356747345018,-0.9016616993662538,-0.43244211161259427
1.574863778986988,-0.1637548230257973,0.9865010683905973,-0.9858268449051703,-0.16776600330316416
1.4550631144984063,-0.9420210571014478,0.33555376316988444,-0.44208894399060106,-0.8969712178221078
5.833199094533409,0.42711087293556177,-0.9041992602409175,-0.008690979423235545,-0.9999622327251488
6.193043788646108,0.585702348183164,0.8105262237168689,0.6562875593212741,0.7545108610749914
2.3018286857580126,-0.1040213900203713,0.9945750602233246,-0.6709980754548847,-0.7414590903993563
5.309110269150723,0.6446220206823037,-0.7645014391428335,-0.27014754485262665,-0.9628189362544226
2.487944388935693,0.8151577646309238,-0.5792389996900377,-0.2949022747722477,0.9555274189337288
2.3766050169445827,-0.516009655547412,0.8565827662180937,-0.22096293841593562,-0.9752822052342571
3.5174308673080277,-0.10120136133864345,-0.9948659630639725,-0.27103036948497705,0.9625707967816377
4.200292220738089,-0.506230001362892,-0.8623985074895053,-0.5037133715175759,0.8638708464547213
0.5813409222143632,-0.07766760295498341,-0.9969793094398836,0.4825773617944031,-0.8758533495303616
4.6678300342975225,0.7113092814565394,0.7028791547014193,0.6704967824813305,-0.7419124373416202
0.8273702831839032,0.9810935842523211,-0.19353392193342664,0.806488636540885,0.5912495912306617
0.7265418227245889,-0.9933026412020094,-0.11554160714267428,-0.6657169949381647,-0.7462043169605088
3.7199908778660884,0.42293540216669706,-0.9061598344630456,-0.8495230179780593,0.5275515538082035
5.8660186053413375,0.03427931161810397,0.9994122916969698,0.4362731815918759,0.89981426473673
4.9839663323540755,-0.15585677035916623,0.9877796652762245,0.909767738539848,0.41511764827828096
2.4578761235798567,-0.7551161375484778,-0.6555910454039685,0.9995118039151984,0.031243460662765787
0.9553106516080736,-0.8374107739117715,0.5465740532960632,-0.929757378205967,-0.3681728095223306
3.490880713242399,-0.5404027318056112,-0.8414064935909591,0.21981772099662716,0.9755409625104673
2.4941148955161623,0.9140412134524236,0.40562132600545175,-0.9737075808445986,0.22780155180717998
2.911898191236765,-0.49885377189067376,-0.8666861682699497,0.6830790041863597,0.7303444899770046
1.7986711781395563,0.04432958235190686,0.9990169608812983,-0.9832054553517814,-0.18250214400520376
2.5729586259135644,-0.9992619201143381,0.038413734645386645,0.8213302915926652,-0.5704529359310087
2.7982620107777927,-0.997766446081723,0.06679909485500643,0.9170492515788401,-0.398773958751934
1.3265015076687385,0.9478952668760415,-0.3185821134872421,0.5383922735608242,0.8426943454005176
2.738824826172811,-0.7364249187970284,0.6765192820421235,0.4123232380526286,-0.9110376212658814
1.5348044768615008,-0.06454257000312469,-0.9979149546215809,0.9949461632762141,-0.10040982114285982
4.761575934184915,-0.5694300743908762,-0.8220397742075508,-0.8490428094296183,0.5283240556286084
6.220451218612077,-0.46579206760267106,0.884894202579285,-0.40939916457589387,0.9123553715765366
1.5958683629617583,0.963179298917201,-0.26885988569767916,0.24462905024869908,0.9696167427259181
1.4276780434787113,0.9999631762203687,-0.00858173661166172,0.15111895038651327,0.9885155855291704
5.100466884671019,-0.43647593472191176,-0.899715932063356,-0.997978191080534,0.06355729798870596
2.451510990711105,-0.19867620370540778,0.9800651846082521,-0.4706917531632304,-0.8822977238461656
0.5017386424806872,0.9109380534008943,0.41254316485210313,0.6002499416025853,0.7998124827771149
2.7090208046247306,-0.023670229782641494,-0.9997198208608434,0.4405796701999626,0.8977135145504339
1.5982792351388913,-0.8408588349332675,0.5412544870157364,-0.5179437550579696,-0.8554146752285993
4.404137571097105,0.3991038902724623,-0.9169057120388041,-0.9947731514896598,-0.1021096326275358
3.3273861376198335,0.9080962251192909,0.4187615621378044,-0.8151115491538372,-0.5793040328152668
1.9833843801263873,-0.5471116494712812,-0.8370596412519324,0.9862004037329745,-0.16555592311034334
1.3980138690742099,0.7148468937988401,-0.6992810010476116,0.8117682184135064,0.5839797595582931
0.038871508355997196,0.6995603568121762,-0.7145735141864836,0.7268014633719042,-0.6868476052520374
5.271183296229267,0.4117383404293888,0.9113021118270563,0.9909774123743157,0.13402898255192935
3.7485552971828024,0.8209275242073528,0.5710323983792742,-0.3485941763803753,-0.9372737594714191
3.122268497928278,-0.050932169554357365,-0.998702114799246,0.07022053425726832,0.9975314915172472
1.793881487635193,0.4763542112594974,0.8792534705165185,-0.9628534689902539,0.27002443825223327
5.409647982979429,0.3929972248141406,0.9195396572679091,0.9572747228440626,0.2891800563728822
4.27789337767276,-0.2321455514134635,0.972681059216709,0.980024301384719,-0.1988777732563235
3.244600152388213,-0.6098497796319498,0.792517032172093,0.688108128367058,-0.7256081612517767
1.8218366888076438,-0.4429805098553173,-0.8965312420034915,0.9784706345720522,-0.206386087903631
4.8100463781340155,-0.987048492860081,-0.16042217035884604,-0.25589725244095274,0.966703985816326
3.7299928082934963,0.7347534801927427,0.678334226870982,-0.23469329192245358,-0.9720694721708948
1.1563647035395461,-0.9982485295306956,-0.05915972692468981,-0.34781289015794786,-0.937563967652328
2.1250898032494923,-0.5519243926614824,-0.8338941568240263,0.9995386628605689,-0.03037205042314345
3.4863534766547515,0.9447661274626721,-0.32774527364889033,-0.9999411959132585,-0.010844570787368835
1.2001143687790423,0.9245067780651647,0.38116560352629986,-0.02037338578841308,0.9997924410353964
1.1538790689021212,0.7136701379867848,-0.7004819299210534,0.9294760104292121,0.3688825640181374
0.9467334364510933,-0.999554624338111,0.02984213404396083,-0.6082940272097851,-0.793711771653225
5.91551870816063,0.90002051138021,0.43584754111375384,0.9965314661500213,0.08321680703372891
3.8184519407205113,-0.9999347011273928,-0.011427750490433942,0.7723350891921403,0.6352153256987496
0.6785953436173439,-0.21125747384955273,-0.9774304475218201,0.449078792545656,-0.8934921589391458
1.5354261339187545,0.5323284474840847,-0.8465379046440767,0.86483306318769,0.5020595311488438
2.8797998472498367,0.9161441288120442,0.4008490180145395,-0.9886736469624111,-0.15008137726595466
1.9179162403255732,0.5245434823653989,0.8513836591736892,-0.9790489918550174,0.2036248303809588
0.9826998338049072,0.34721111140241456,-0.9377869929353361,0.9728622948167069,-0.23138486407708408
4.788920843025977,0.9761470009056921,-0.2171106460375049,-0.1418416919834216,-0.9898893546327691
5.7273022746094355,-0.6362351687406548,-0.7714951782464687,-0.9475533498552395,-0.3195976363775457
1.4667501185104166,0.8008997015594207,0.5987985204073495,-0.5123799549176673,0.858758861263492
5.373995371012286,-0.0728768473534915,-0.997340947279222,-0.8316827469960187,-0.5552511218801417
3.7740912808983307,0.014504590539682012,0.9998948028934225,0.5794009678043849,-0.815042648275133
1.0883309286503233,0.05389847687379707,-0.9985464206488773,0.9095730834264067,-0.4155439879316977
2.449313414769025,-0.9953168975125528,0.09666578260163486,0.7044870430767757,-0.7097168492694402
3.530523952228592,0.9609035571179382,-0.2768832857326229,-0.9941323925031377,-0.1081701723026618
0.4688976654487316,0.9335738234535796,-0.35838515058839204,0.9947657777687536,0.10218144342358226
5.193859386446684,0.9804726233097841,0.19665562524380076,0.6283389468541014,-0.777939694234893
3.1190848047146345,0.9751149776178278,0.22169975287623364,-0.9798575530517418,-0.1996977108718398
0.19068285787282943,0.39363793876092384,-0.9192655618307755,0.5607311367659606,-0.8279979421841298
4.601107933910399,-0.29485533189156166,-0.9555419055463329,-0.916887414546374,0.3991459245018866
2.3382378633501424,-0.4643471031829436,0.8856532999800818,-0.315000816111018,-0.9490914001556399
5.815191461483021,-0.2004561159478143,-0.9797026822353384,-0.6208427803049575,-0.7839351007214885
3.7723287800187895,-0.34760748036758116,0.9376401439744897,0.833688922037392,-0.5522343535783801
3.2739873042663667,0.9984632545712638,0.05541777035355717,-0.9824097249193937,-0.18673813853576132
5.016982936567275,0.6865760531562211,0.7270579916570795,0.8994988169007667,-0.4369231950745132
4.785166547710603,0.9864095474053449,0.1643052183820786,0.23559541485792512,-0.971851223437992
2.029795110565262,0.6844188540847596,0.7290890426918406,-0.9568580828340298,0.29055569055722336
1.0886551723579838,-0.542282915051574,-0.8401959533603858,0.4929728187036289,-0.8700447115059083
2.1847590216313466,0.5863201442263213,0.8100794334350341,-0.9999212993274669,0.012545722429188833
2.0483970226354726,-0.5694268642304904,0.8220419978885694,-0.4683188845121729,-0.883559518317399
3.155846979485681,-0.4059072919501139,0.9139142576531591,0.418892845863928,-0.9080356731340566
0.6393736769946308,0.9847503070443859,-0.1739736554079027,0.8940410764283712,0.44798499267140585
2.133982004283691,0.9999663358378954,-0.00820531479793957,-0.5269265320874078,0.8499108363718737
4.354447820227053,0.6138522957054972,-0.7894209010769165,-0.9544485766958531,-0.29837545884884725
2.3774446612296902,0.9956765314294362,0.09288834566643411,-0.783122219908768,0.6218678225195152
5.060314208146164,-0.9525738738439267,0.3043074347924726,-0.03870425938064964,0.999250709434722
3.6971695227642853,0.6288751956505613,-0.7775062625442114,-0.9443728974784238,0.3288766189746644
0.8753421515585806,0.3346499652296216,0.9423425071447287,-0.5090738194043747,0.8607228627131046
3.5362961665099744,0.8014777723442141,-0.5980245650791914,-0.9698137251924758,0.24384695697976816
0.8419768770669551,0.9944010788098453,-0.10567163508631754,0.7410875672539888,0.6714083836694063
2.053515835679204,0.46697613601780247,0.8842699182884618,-0.9999950433121177,0.0031485474739492703
4.9742268194721095,-0.27294758392223206,-0.9620289062346391,-0.9998931619945077,0.014617270491619067
3.997506452860797,0.3148713055735904,-0.9491343745362838,-0.9231652263535861,0.3844033881894541
3.6426499705523563,0.00634109390328441,-0.9999798950619506,-0.48590511190246033,0.8740115687032166
3.606513939841756,-0.9644962535221168,-0.26409652959060387,0.7437132680397279,0.66849874715041
3.4769523363220194,0.9273369681513366,0.37422740078712435,-0.752515332048666,-0.6585747300281768
0.28088300208582384,0.3865499549345513,0.922268470858728,0.11574481277699628,0.9932789831236832
0.278128061309816,0.9698539420874884,-0.24368695290753373,0.9994892440536423,0.031957018338367116
0.8094334495340307,-0.8730892303210483,-0.4875604535823218,-0.24940855941005474,-0.968398353206469
5.114458130300652,0.5166383052528545,-0.8562037500183344,-0.5857516732538566,-0.8104905781564072
3.328832677985547,-0.9782972161613093,-0.2072065560039846,0.9226272239298776,0.3856928903459947
1.1267437099772735,0.932733177843966,-0.3605673570209821,0.7263034078960644,0.6873742500840158
1.1259055213157203,0.3674911303200553,-0.9300270260245602,0.9976492545161287,-0.06852711115618754
4.829841186660516,-0.7466360538905525,0.6652327435046654,0.5731569988452001,0.8194455776162097
3.7281681900145127,0.45462677758589304,0.8906820381605699,0.11437157141036997,-0.9934380421813545
2.9565345266550294,-0.9948583568987939,0.10127610630663117,0.9592365292434197,-0.28260446027095537
4.503697541989743,0.8625251611271354,0.506014176108347,0.31633723208473846,-0.9486468023437207
6.0262782457111586,0.743815141650457,0.6683853941039634,0.8892337658242557,0.4574530683228746
5.271952498630525,-0.5750983462768751,-0.8180842817886208,-0.9985872952898569,0.05313580417842556
4.7430808428731694,-0.22300826726450876,-0.9748165533738548,-0.9812009200272124,0.19298900107972936
0.34302837275098935,-0.07803330202497052,0.9969507529337042,-0.40880210029420155,0.912623056247786
4.7911062969801606,-0.5496356105954874,-0.8354045101418388,-0.8760387614730868,0.4822406955003902
5.820638256186609,-0.989144208660676,0.146948067265429,-0.8196312989817992,0.5728913803937081
4.361668256664402,0.27337188145733615,0.9619084230988292,0.8094288945368792,-0.5872179022209777
1.5983461925209295,-0.993953566150657,-0.1098012219257673,0.13713937871980586,-0.990551760790089
0.9131520425913162,0.5227252467127977,0.8525012119927131,-0.3551807781378483,0.9347976330957373
3.0013613077356402,0.5193928968927889,-0.8545355572808639,-0.3948540645721561,0.9187438531445244
2.8171474118952013,-0.3957396282167184,0.918362753305519,0.08233453781877453,-0.9966047480732614
1.7040072024872936,-0.6993970512738051,0.714733352145754,-0.6155092097993,-0.7881296927868162
6.139026038082889,0.34226173897307666,-0.9396046519867415,0.20372742363776158,-0.97902764866878
1.5114826687775513,-0.8975610426151492,-0.44089020717136174,0.3869084661384518,-0.9221181262888126
3.525712115175109,-0.921377101069907,-0.3886698311214988,0.7085839527908548,0.705626517250654
3.0663437624374086,0.15720260360694607,-0.987566373171544,-0.08251457940104065,0.9965898575573953
2.503227659665724,-0.9970578861413232,-0.07665227774434555,0.8463841823934919,-0.5325728267515158
4.27643696531963,-0.99184980851031,0.12741254788309256,0.534327407615179,0.8452776002422177
4.094816154802037,-0.8561094754075245,-0.5167945105333969,0.07440156219869859,0.9972283627847701
2.95372268533568,-0.9077788224216279,0.41944917399227605,0.8134666362271237,-0.5816115815089384
2.268653605864706,-0.21089017490320966,-0.9775097616542219,0.8845015736919503,0.46653720766565177
1.3704620242816337,-0.44197156294543277,0.8970290617073515,-0.9670395735614703,-0.254626124280384
1.9544805401574799,0.40257968053093324,0.9153849467975819,-0.9995303552589657,0.030644231363925023
0.25443250422858904,-0.20218856190274373,0.9793466114893645,-0.4421772049169221,0.8969277113858498
1.4772017830273227,-0.12944550064700622,0.9915865380097926,-0.9993443009047527,-0.03620729552439465
5.192517209044745,-0.9912699192038146,-0.13184819787036534,-0.5748014214494109,0.8182929340399665
6.206695991725891,-0.9651466768869903,-0.26170955674946134,-0.9823231731161877,-0.18719290467040772
2.939371029195261,0.7054008974358058,0.7088085594127372,-0.8333882863677087,-0.5526879446352111
2.951097347258595,0.9538821125608189,-0.30018147067483897,-0.8797889904143471,0.47536442057194783
2.7829721571156836,0.6466643021672185,-0.7627747244780626,-0.33780391766085394,0.9412165070869608
3.3620194104539833,0.9926817083032903,-0.1207602003975704,-0.9950667532159384,-0.09920764408194978
4.7099218848983595,0.7567800230619731,0.6536696388041282,0.6518006028202956,-0.7583903837490947
5.101127709169023,-0.8416058193361529,0.5400922558781257,0.18080806494321894,0.9835184002607621
3.6603948678766547,-0.35954126882207144,-0.9331291850616478,-0.15045250573595992,0.9886172381249332
0.08775560502736134,0.6923093466032036,0.721600837448132,0.6264020319230931,0.7795001567688236
0.008539216161612417,-0.008507681202950406,-0.9999638090253812,3.143232341288639e-05,-0.9999999995060045
0.8661136787570162,0.4426136801584454,-0.8967124010164003,0.9698525465123233,-0.24369250711411294
3.7593950519589256,0.14139522996802653,0.9899532256335594,0.4581668339051917,-0.8888662173292967
4.574467859857941,-0.5860354587405353,-0.8102854071861163,-0.7220202360143125,0.6918719381401708
5.167034770874601,0.5485614244929314,-0.8361102580152249,-0.5102778427489504,-0.8600096064576707
3.622531985725679,0.27241956600690037,-0.9621785593415664,-0.6866319959023992,0.7270051596812006
1.4651717900770982,-0.19817521914345138,0.9801666095707633,-0.9955973213119658,-0.09373352546681754
0.2188085096988727,-0.897808790032983,0.4403854862952582,-0.9719951555973467,0.23500088828617172
5.857669729424414,0.7494395391274807,0.6620727884397526,0.9559063554673245,0.2936716526619093
1.6379403549506721,0.9457070375955725,-0.3250203055844458,0.2608370542164603,0.9653828417512296
4.360319302021628,-0.9846693099360665,-0.17443150538257296,0.1758225628009143,0.9844218742033918
0.1856302395830854,-0.0350079342389835,0.9993870344067503,-0.2188593519971656,0.9757564163475333
5.931710521548915,-0.3322333934690399,0.9431972075149746,0.012803948459896797,0.9999180260920574
1.2356577074333044,0.2329983961711796,-0.9724771192072634,0.9950062801898008,-0.0998123358250656
4.010727899238665,-0.5600445304954886,0.828462506008623,0.9942572765187193,-0.1070162047989876
3.959465749527624,-0.22480802090140506,0.9744030755998225,0.8647333034692632,-0.5022313350151854
5.928940249521267,-0.9738002256817729,-0.22740519005099252,-0.9922184952456785,0.12450886591886268
0.6131089201783734,-0.7613918488428586,0.6482919500623571,-0.9957498237294553,0.09209934062065234
5.058339708912819,0.8791365520390396,0.4765699559024982,0.7464423473343638,-0.6654500898684778
2.483787920261154,-0.6219494735835935,0.7830573748513521,0.013424679361215663,-0.9999098849316614
0.9341003640635873,-0.9978703509672657,-0.06522854176252815,-0.540827909438091,-0.8411332667139162
4.533052047419535,-0.5584777553425315,0.8295194975331005,0.9158355043621461,0.4015536439253586
4.449568889254812,0.04610476474802173,0.9989366099345491,0.9526560304933613,-0.30405013988589397
3.2867007811688738,-0.8634421581754033,0.5044478560618548,0.927310488096422,-0.374293011778707
5.000028404991324,-0.01728959356709664,0.9998505238055759,0.9538680068744447,0.3002262904233639
1.4337415361888777,-0.4565714193775071,0.8896867645455947,-0.943723472783472,-0.3307355543595264
3.9094834457283505,-0.8564193917817001,-0.516280762163634,0.25747005726627586,0.9662862772549865
2.9872190806119487,-0.6607367670415509,-0.7506176954212306,0.7682951564958339,0.6400957369839625
0.982323730061471,-0.7790939349700221,0.6269072024573709,-0.9539230084390813,-0.30005148553295385
1.0030663569896845,0.9998843517426949,-0.015207995926187774,0.5504795561464673,0.8348486439258247
1.451931183216138,-0.8951678443827938,-0.4457292119471891,0.3364302125685875,-0.9417084007648308
4.66609027983534,0.7156042501888434,-0.6985059463681488,-0.7308771435388846,-0.6825090483300869
4.812720564984545,-0.9125285886423886,0.4090129275589346,0.31555409399128687,0.9489075896868662
1.8392574208320973,-0.9906517012574417,0.13641556654479114,0.1312391591320894,-0.9913507366771369
3.2009085467484115,-0.28339830462816584,0.9590022945404674,0.33975062692594193,-0.940515556226174
1.088384282183969,-0.8919253101354927,0.4521827519263702,-0.8143585662692291,-0.5803620641840107
1.4970420105417444,-0.0936838720159901,-0.9956019948373404,0.9859920071725172,-0.16679257115324614
3.2750632761049503,-0.9998533548150873,0.017125094598722104,0.9932395874240004,0.11608239303960571
4.151097785147459,0.863020098080576,-0.5051695856927583,-0.8870287803828072,-0.4617141353398114
0.8458787657484095,-0.9701998299354636,-0.2423061905796001,-0.4619347354229237,-0.8869139192783894
2.615436503317235,0.8761353059596144,-0.48206527115220904,-0.5155331480545702,0.8568696360922965
3.9681338572041205,0.6906389490740981,0.7231997248491079,0.06412499155762696,-0.9979418747891755
3.185321644094918,-0.5523052553708319,-0.8336419524530662,0.5153345696702728,0.8569890788701772
1.5646574376248799,-0.9532144250126809,-0.30229498829412327,0.29643765121742244,-0.9550522074424507
3.8494004151924153,0.9878941392912516,0.15512952508789943,-0.6497306112558516,-0.7601645432385657
3.6394553188321233,0.033035897757472676,0.9994541657621713,0.44826258161126514,-0.8939019285845644
1.688353934918624,-0.7096832576117234,-0.7045208824907977,0.7828949584753511,-0.6221539069988056
3.8812678256296795,-0.6625334290159599,-0.7490323460547976,-0.015478561704252158,0.9998801998877505
3.913019679585908,0.15062744179825877,-0.9885905996808346,-0.7971921442527548,0.6037256704345901
0.027100779427456857,-0.9348387249926815,0.3550726098336192,-0.9441170154184116,0.32961046888324214
4.048460481642282,-0.8263612743582176,-0.5631403415144955,0.06570003588313994,0.9978394185864549
2.0793668573468485,0.27142368173295295,-0.9624599653983166,0.7084883152692919,0.7057225425950914
1.771191802594469,0.7180310864757137,-0.6960110335723897,0.5391533658180578,0.8422076039356683
0.5965782036033143,0.12725542571646004,0.9918699796978042,-0.4519737863406673,0.8920312194429525
3.182994951762699,-0.4964446406414521,0.868068383699337,0.5319489702228369,-0.8467764126845193
0.7757641880864564,0.6505438394399758,-0.759468704402423,0.9962411509273589,-0.08662314470700894
1.5337813004692002,0.9375233427423113,0.34792237900612644,-0.31298953249453343,0.9497565754175401
4.545340700630975,-0.5679568693666955,-0.8230583178239452,-0.7171656461575195,0.6969027449877548
5.56149475467798,-0.7212664684476282,0.6926576943145052,-0.08383991680464098,0.9964792362865322
4.6823768772629055,-0.7849219588803573,-0.6195946404443979,-0.5957619962781999,0.8031610322909186
3.675589503445805,0.5256216325326211,-0.8507184607223134,-0.8854412157816685,0.46475138880382166
0.14777729335958378,0.9662228518535136,0.2577079753443089,0.9177468616282414,0.39716583182785675
4.973302202024721,0.978084892765998,0.20820649015562956,0.4534693872190141,-0.8912718523857981
3.85047505360283,-0.8966889554404809,-0.4426611765120804,0.3925013735393339,0.9197514184657375
2.136297371828585,0.6475143520459855,-0.7620532552876259,0.29645358269583083,0.9550472623419253
3.6191045256497874,0.19659079583238306,0.9804856240628876,0.276002180533803,-0.9611570092032757
3.8450259421515023,0.9389268760969118,0.3441167263340948,-0.49346155504743994,-0.8697676090141333
2.67017099404471,-0.949526000815485,0.313688338602747,0.703492458657599,-0.7107027230930569
0.6246911841175335,-0.019542908360105277,0.9998090191295679,-0.6005872205293501,0.7995592476713841
5.373700248905473,-0.996488070243556,0.08373485452470657,-0.5459128488864886,0.8378419668533188
0.13674154160604612,0.5954926886193406,-0.8033607270715374,0.6994447845690034,-0.7146866399613334
3.6890375684013534,-0.869622593640454,0.4937170694132924,0.9995168699901509,0.031080968535291464
6.066623235493975,0.00012083224011606781,0.9999999926997849,0.21499128281658064,0.9766159676724936
1.296906673861943,-0.5348718061892388,-0.8449332227719901,0.6687681462299718,-0.7434710260582635
2.533185003527361,-0.9478329663235101,-0.31876741983831386,0.9599482514901146,-0.2801773625064519
2.9969014067707964,0.7219314434581849,0.6919645879280105,-0.8141598356291472,-0.5806408201705422
4.29880248816152,-0.8408857495462547,-0.5412126718860465,-0.15763187511461246,0.9874979452879136
5.671660665038594,0.978271762870477,0.20732669381989677,0.9200128079782093,-0.3918882916802321
1.205796342926178,-0.06800749686673146,0.9976848101329004,-0.9562363200438679,0.2925954549014071
0.6156425006380787,0.41178811147156114,0.9112796229756732,-0.1900637776208543,0.9817717455888055
1.2084063589503318,-0.9966844679343447,-0.0813638210658287,-0.2772551770157399,-0.960796319111377
5.993521164267347,-0.7174685828479144,-0.6965908645871013,-0.886546252193968,-0.46263997095022935
2.850015800195806,0.9624669281983627,0.2713989906473636,-0.9998600472371896,0.016729791954628315
4.953675554553817,-0.7783950377162738,0.6277747727160439,0.4235898339425454,0.9058541011556589
3.5566199518334125,-0.18417004952004642,0.9828943955785808,0.564852667488391,-0.8251917740933008
3.4719237849880593,0.8807252274225713,0.4736275686459352,-0.6794847360589507,-0.7336896438296633
4.608341092383877,0.947226867130477,-0.32056397518464486,-0.4172095554184083,-0.9088103140191434
0.610253500889549,-0.42776091258506277,-0.9038919192383535,0.16744681098360803,-0.9858811112357412
5.215744071077979,0.9908504103126307,0.13496467828025016,0.5961786308551278,-0.8028518170320754
4.506352360931149,-0.522981601976485,0.8523439704685599,0.9413090187608987,0.33754604308063507
5.671759592281163,-0.271797709172829,-0.9623544073200903,-0.7749817943246279,-0.6319835586986264
5.728600780000968,0.9573388179634671,0.2889677968568671,0.9660197972405498,-0.2584680857268977
4.635937313797596,0.3606621705765527,-0.9326965201580896,-0.9575184800897436,-0.2883719131375787
5.232497989099737,0.02843591059511363,0.9995956177318039,0.8815460305984256,0.4720980787253424
1.5190152749863142,0.9988763009296161,0.047393411368743886,0.004369866571654987,0.9999904520874916
0.21715640878708767,-0.47965590448609247,-0.8774566731706065,-0.2793394550856606,-0.9601924124009968
0.5432183850263368,0.7247546077213401,0.6890070816665721,0.264282397346484,0.964445340313693
0.7530009548114552,-0.9889590844728013,-0.14818882966917113,-0.6202479337599289,-0.7844058265123601
5.274400973171638,0.2028684477930451,0.9792060012530768,0.9366956165158526,0.3501447157961791
6.233065846477827,0.8766386414117345,-0.4811493451972977,0.851432980121292,-0.5244634213763393
5.374894199596645,0.44964552991442003,0.8932070854107576,0.9808267675837148,0.19488163584925422
2.31062919660748,0.5081668977560378,-0.8612586162268594,0.2935213853923809,0.9559525073544906
5.569670710871372,-0.9966365613094077,-0.08194854886670792,-0.8071582035112081,0.5903351882655811
3.2222147744699154,0.9404906050825795,-0.33981969005842416,-0.9648030145406201,0.2629736548274978
0.3915339449079709,-0.9881819191685354,0.15328566347962955,-0.9718958791521423,-0.23541112991335933
4.64569437135967,-0.9556437205261546,-0.2945251762055814,-0.23018132666018515,0.9731477569500724
2.494737563654647,0.38281887708346896,0.923823417839444,-0.8622527176124837,-0.5064782828215703
4.987243187856347,0.9589357270512723,-0.2836234676197436,-0.012716093332619915,-0.9999191472165918
5.296320310552496,-0.47875902318403835,0.8779463524156048,0.46852842991950255,0.8834484197490908
4.398156167901585,0.21398017133579353,0.9768380041107658,0.8628674691651814,-0.5054302431161739
3.1738169686184,-0.7414771753251705,-0.6709780909029789,0.7194741637511222,0.6945192061380473
4.614575280719451,0.46150274975761296,-0.8871387783014346,-0.9279676459766324,-0.3726607680191024
5.316234141736192,0.9983547558620699,-0.05733917899296153,0.5196784253485853,-0.8543619456806436
4.957531540183415,-0.6627674953233336,0.7488252447285917,0.5655873102701731,0.8246884226550967
2.665721181493339,0.11571533715657352,0.9932824174154803,-0.5578945023068889,-0.8299118774278078
2.063302275513104,-0.4248861568142643,-0.9052467916251371,0.9985601205579823,0.05364406426836066
4.892222269482919,-0.9992851187690189,-0.037805441497060874,-0.21593345884362664,0.9764080813634367
1.259232926680058,0.9869515701364052,-0.16101738479209102,0.4558124622491878,0.890075839048748
3.282479288430464,0.9923159853252614,0.12372948423054071,-0.9651097823262156,-0.26184558055893326
4.603697791113446,-0.9675035637201747,0.25285737914635176,0.35631742983564013,0.9343649657362607
0.28824899621779093,0.8451433102914947,-0.5345397881070542,0.9622310351493119,-0.27223415471884466
2.385650212316931,-0.9384374618437048,0.345449171671239,0.44586151267823504,-0.8951019559314324
3.1459583489452534,0.4856028672582177,0.8741795326536751,-0.4817818502386219,-0.8762911894916268
5.059470958720455,0.6228090751054959,0.7823738594599368,0.947572126309059,-0.3195419619426046
2.186425876328601,0.6033642693468046,-0.7974657099058219,0.3026326912012808,0.9531072627025093
5.716999613901699,0.9144483867468227,0.404702542586692,0.9888408810359683,-0.14897554158991916
2.9931251388454934,0.8247973277435802,0.5654284819029275,-0.8993633700459156,-0.4372019311710018
1.0381586066636732,-0.968896928988853,-0.2474646257467305,-0.27882954980092883,-0.9603406073668922
4.178616694969079,-0.30241035618998374,-0.9531778304540277,-0.6667232997952066,0.7453053344168354
0.3441958861292952,0.3709468790332428,0.9286540868027754,0.03582488480163859,0.9993580827856196
1.8588036264496446,-0.99535830914495,0.09623843523305008,0.19044918348197076,-0.9816970553643576
3.030776014470518,0.38473196269327753,0.9230283402378165,-0.4844497361711142,-0.8748190973702722
3.4364028102449953,0.44233283122657147,-0.8968509722462732,-0.6838368137682306,0.7296349855477835
5.115235521340319,0.02060346420650616,-0.9997877261012416,-0.9116761343054868,-0.41090951088749933
4.406315726521863,0.8351393206137383,0.5500384669864679,0.2728334985625402,-0.9620612673120796
2.5823917624705244,-0.6894065210950746,0.7243746604289705,0.20010838654702295,-0.9797737665571308
5.561676955794657,-0.9071103813253864,0.42089280831550474,-0.4030605714069869,0.9151733036846482
2.905117930197928,0.9262226809442289,0.37697684982566937,-0.9887627915236288,-0.14949294999564772
3.3428912407820905,-0.9978573267014338,0.06542748312649665,0.9907900471661806,0.13540709891448663
4.032388832867108,-0.813967166476492,0.5809108812014375,0.9635173687907701,0.26764581079948024
1.1917724487649912,-0.618027386921833,0.7861565677487983,-0.9590387570560852,-0.2832748885170004
0.06892295597632345,-0.8830364381025508,-0.4693044310286872,-0.8486196460656853,-0.5290034936664889
2.2436315657331534,0.9752805965826584,-0.22097003853322247,-0.4349891754264645,0.9004356819128195
6.014478901420356,0.22812588524571406,0.9736316451722691,0.47842371426959485,0.878129118993605
0.6082318608321349,0.7024521605737407,-0.7117309618846742,0.9831695353107359,-0.18269555231825296
4.184173543456352,0.8879068506954118,-0.4600232868976914,-0.8448243879790651,-0.535043693053005
2.2715039466091667,-0.8287913832098632,-0.5595577209878186,0.9620886542221652,-0.2727369087912066
2.0889678482116056,0.9698624541547699,-0.24365307307909492,-0.26869779463497745,0.963224529981613
2.076692599118386,0.850156827996958,-0.5265295507472973,0.04859783034459825,0.9988184273859777
5.497472725857309,-0.786710335862303,-0.6173223205485303,-0.9927633037454048,0.12008756278861299
4.138536014910313,0.3213363277469199,-0.9469651337140793,-0.9697204891468028,0.24421747056442478
5.015141905404255,-0.2081623695757134,-0.9780942837439671,-0.9956733090439178,-0.09292288016164132
5.910108039239244,-0.7830565007679081,0.6219505740853682,-0.5024999108538732,0.8645772606261684
6.217102256207861,0.6022874466110073,-0.7982792942666076,0.548258494880802,-0.8363089278436752
3.5584265679116243,-0.6908876500033271,0.7229621394463752,0.9244345193644601,-0.3813408179141065
5.467603854312182,-0.5194218174511266,-0.8545179784859815,-0.9782304442325465,-0.20752156026927598
2.7135737815184204,0.8421682053538158,0.5392149051084671,-0.9900075802378125,-0.14101415202621048
1.253990266833569,-0.8143276423840509,-0.5804054538417375,0.2978316758331797,-0.9546184017032143
1.497948554057657,0.6075647478397861,0.7942701537779052,-0.747942967186653,0.6637629982426148
3.3988998333800478,-0.5090482267579677,-0.8607379989489071,0.2732514311014348,0.9619426466276552
3.259043985965992,0.520650313385516,-0.8537700224132749,-0.6171093387521494,0.786877413594319
6.146702711414912,0.7297803442074413,-0.6836816870506833,0.6299726669343164,-0.7766173053156006
0.43361019138324375,0.986355684074925,0.16462826152604165,0.8259047441159164,0.5638096785678857
3.868002788765424,0.745184846305419,-0.6668579645147601,-0.9999936125414182,0.00357419590456165
3.7436594259468685,0.4173122405196382,-0.9087631671191784,-0.8586102574076748,0.5126289358535339
0.8020738233284649,-0.09954020618226476,0.9950335408181938,-0.7844316035754101,0.6202153330191946
3.8945206772396395,0.6857737968782751,0.7278147425788752,-0.0027383183329383054,-0.9999962507993255
0.7061626659230489,-0.3881984340348364,0.9215758112130009,-0.8933916785873064,0.4492786536560077
2.695314467521196,0.6964716749246793,0.7175842849642207,-0.9379764839519458,-0.34669888311493774
0.4897066105211234,0.36847082055906827,0.9296393141409882,-0.11210688031032656,0.9936961544592422
4.148441267098446,0.9982650695707037,0.05887997006621212,-0.48383690602620927,-0.8751581847683224
5.201341516230427,0.04166246465130058,-0.9991317425841194,-0.8624898998526159,-0.5060742758254211
5.490878927309221,0.40184638102878767,0.9157070962125752,0.934138878480188,0.35690973048065916
2.0601795925404947,0.4028204454504087,0.9152790223353392,-0.997204756475777,-0.0747172915869298
1.0060297730186194,0.9511389057512587,-0.30876331058967843,0.7698838250362747,0.6381840611825985
3.8533774655944444,-0.8545124856692725,0.5194308537575731,0.9863196191223305,0.1648441959378033
4.126934220170461,-0.4402895566252769,0.8978558382762329,0.9916222453690999,-0.12917167835537496
3.4265873386900627,0.8020819212582878,0.5972140249446707,-0.6018203336449924,-0.7986315082761448
5.099478399304484,0.6460769535191074,0.7632722778481275,0.9506897482132397,-0.3101435194264855
0.41617736177424824,-0.5428264616421062,0.8398448860004513,-0.836012964462978,0.5487096894076353
2.7718536759638512,-0.4750916885938939,-0.8799362973698736,0.7609701952658179,0.6487868385819053
1.685541539094661,0.5892951901282162,-0.8079178045393909,0.7351344115191675,0.677921379660184
5.592672579502404,0.9180835706693734,0.3963868782729489,0.9602402674018446,-0.2791749072893802
0.1707482217386025,-0.11599453582612824,0.9932498515773768,-0.2830804864216257,0.9590961569140478
2.0087630813486834,0.9653198382377709,-0.26107012449647266,-0.17296194365701253,0.9849285080889822
0.4034725269052658,-0.24909730574904054,-0.968478462470162,0.15114300395202948,-0.9885119080498508
3.0703289941919074,-0.22250409590897555,-0.9749317552032704,0.2913577531356344,0.9566141644820837
0.4932352410302554,0.8984107993126706,0.4391560493473454,0.5833945939768292,0.8121888620995799
4.359913697261089,0.8740315977295818,-0.4858690833653386,-0.7577332787256739,-0.6525643863341304
1.1450514265024565,-0.9952659351826305,0.09718908511270134,-0.499557280795456,-0.8662808569997665
0.61447373604628,0.3635113873967112,-0.9315897547917313,0.8341049224315646,-0.5516058179310961
4.26851305441206,-0.025597634384341404,-0.9996723268721234,-0.8918053168595708,0.45241935946751943
2.8549728511212566,0.9984163231390998,0.05625696125281412,-0.973590396020765,0.22830186327783203
1.7520296694523532,0.9521570605456469,-0.3056091164430038,0.12898438761542017,0.9916466244340648
5.261345717660939,-0.6811996385349118,0.7320977069079683,0.2690818269175119,0.963117319137567
3.45427575842544,-0.9999547891943449,0.009508920406298738,0.9543936851290427,0.2985509902609701
4.92089857614076,0.556394060930013,-0.8309185573579453,-0.6977466041821674,-0.7163446631002801
1.6995826217448726,0.9083858759657879,0.418132874031531,-0.5313346353652317,0.847162030110708
0.7369300555624277,0.9736467603385087,0.22806136472959762,0.5677583337176633,0.8231952833284106
1.634075774809572,0.2320467889590134,-0.9727046251220414,0.9560837849139299,0.2930934939991918
5.016409459705473,-0.3600878519999905,0.9329183988120466,0.7823399186138282,0.6228517092722059
3.425195064686887,-0.7288417116150268,-0.6846822324334685,0.5081421318558157,0.8612732283271243
3.2829266083762154,-0.920476312226161,-0.3907983605780953,0.8562488376375258,0.5165635759946553
0.9569602557450823,0.1587053352641864,-0.9873259930532986,0.8984995937252793,-0.43897435013393227
4.341695858867319,0.9279825348703208,0.37262369084057695,0.011141375622635508,-0.9999379329484582
3.3624533615743304,-0.9256370824941924,-0.3784124621516046,0.8202540382677428,0.5719993992177443
1.5125096522534802,-0.31344850962611603,0.9496051978654954,-0.9662521185312366,-0.25759822094474405
6.051716610554657,0.9887696554694914,0.14944754405055774,0.9966840353726134,-0.08136911965459107
5.990066441198004,0.5048745722916063,0.8631927167518083,0.7327507844795523,0.6804970887848092
0.8228053351119966,0.8644302262882463,0.5027528059387152,0.21941090588688167,0.9756325406513959
5.471107544390674,-0.999865056949388,0.016427656302623894,-0.6759773594752511,0.7369223904027256
0.5840723544610209,-0.1526415950224007,0.9882816114190416,-0.6723012120275396,0.740277704855618
2.4167642825291846,-0.9533399643188396,0.3018988447022505,0.5135218665321546,-0.8580765074242109
4.121757912080594,-0.6955275301534785,0.7184994466237271,0.9841070848049953,0.17757602776448644
3.014286880524859,0.9642460774709739,0.2650084943578989,-0.9900890291434096,-0.1404411420128045
1.0360366498714282,0.169482869928908,0.9855331332840418,-0.7615696864034309,0.648083029211057
3.4178221559022908,0.5462852129159037,-0.8375992276437614,-0.7540143367556922,0.6568579602675707
5.4156877818202185,-0.7035682332992208,0.7106277092065952,0.08698113176942263,0.9962099591532452
0.6005632033972059,0.20816535767850708,0.9780936477978881,-0.38098772007088366,0.9245800977498866
1.617017951307412,0.952469190164513,-0.3046349319880382,0.2603005740700952,0.9655276335448814
3.6149699669031694,-0.5345613243992081,0.8451296885428677,0.8610678082866539,-0.5084901469373998
1.267882326743869,0.9830297438586552,0.1834462392342424,0.11814635540050261,0.9929961926944021
4.0642432808563935,0.2510632318872277,0.9679706883962655,0.6201015315517897,-0.7845215679426059
4.900941518958698,0.9926888260570823,-0.12070167613339833,0.06750446909036166,-0.9977189717815476
0.28590171295632255,0.40822717905789335,0.9128803701901114,0.1342033498818183,0.9909538136969342
3.9151493131618382,-0.13359194904084998,0.9910364227168782,0.78799720157041,-0.6156788207476381
3.1128255891115226,-0.17004282836535103,-0.9854366730143098,0.1983166848437366,0.9801379966681173
1.0060077275898889,0.9633271161661423,0.26832977333688457,0.2889499294041342,0.9573442109802232
0.16908898543849568,0.42433928357354606,0.9055032702405275,0.26590549098634947,0.9639991026257797
3.5403549256583724,0.02488404453588997,0.999690344220417,0.3652260896638882,-0.9309188490028686
0.13853210623434392,-0.30577319984424006,-0.9521043799169366,-0.17136826644017944,-0.9852070428378431
4.038535220273081,0.9987810303623121,-0.0493604435595774,-0.6618127615156051,-0.7496691728323159
1.4162691428146221,-0.7980281169390564,0.6026202158695838,-0.718266491882371,-0.6957680983193983
0.9704052594852742,-0.489447076943026,0.8720330033157734,-0.9960478453675964,0.08881829619266957
1.412362124858191,-0.4084786179626851,0.9127678887139352,-0.9657825332764725,-0.2593532309767502
3.0426847307078564,-0.9843681016488003,-0.17612336715023694,0.9969487063819354,0.07805944429334291
5.477018368525381,-0.4166973007912392,-0.90904530113372,-0.9444693880479625,-0.32859941424218536
0.1286995313044655,0.9298223064504352,-0.36800880210559245,0.9693642612994043,-0.24562762246022013
6.193948585943965,0.7737033581983306,0.633548035678926,0.8270855727094683,0.5620760228081706
1.9475102438307403,0.8184334641269431,0.5746013094286957,-0.8353839028089658,0.5496669309023967
3.5763108907274974,-0.8108812291454967,-0.5852107588036027,0.4889957910714808,0.8722861435987487
6.183258410810777,-0.33929095059699516,-0.9406814821409994,-0.4314414067965362,-0.9021409604387919
3.9137607996226116,0.6179845725688266,0.7861902238433933,0.10579322647267764,-0.9943881501870891
2.3501659529445993,0.31386395757049945,-0.9494679647772134,0.4548170600339475,0.8905848875329496
0.5022526215642558,0.9811928685872517,0.19302993196268833,0.7670910768586378,0.6415382138297419
3.041322354671625,-0.25144756094162357,-0.967870923262244,0.34707074115822273,0.9378389523963493
1.7156992841899597,0.908519447853027,0.4178425694838081,-0.54465048919862,0.8386631294004189
4.612769323553615,0.6463983520473408,-0.7630001117106616,-0.8235047325741623,-0.5673094000877805
2.716919591485779,0.17756144153380615,0.9841097166883562,-0.5672650238457886,-0.8235353014420431
3.189905094494164,-0.9112871419136753,-0.4117714717932812,0.8903378879179649,0.45530039022361674
4.274659803998462,-0.808624918271758,0.5883245206091555,0.8756182959601244,0.4830037264658399
2.746388120996216,-0.6816939343554435,-0.7316374647754148,0.9108256953419646,0.41279117323996484
3.2751554780882945,0.9377580301392657,0.3472893273760713,-0.8831589550901378,-0.46907383218859694
5.129604584551419,-0.2234982858135856,0.9747043224683005,0.8005297446756872,0.5992930233946321
3.6740745175778953,-0.6739242822260613,-0.7388004208350778,0.20555015831060336,0.9786465819786456
4.306428597028402,0.6144476554066625,0.7889575899661878,0.48218777017888237,-0.8760678936531787
2.2722204391737493,0.826194117573172,0.5633855518980654,-0.9635319612615206,0.2675932727620923
0.7087032529804791,-0.1303740665720023,-0.9914648772223246,0.5463138976401657,-0.8375805186638541
1.669840009137704,0.9282771818885881,-0.37188906085683815,0.2782767530239153,0.9605009363485634
5.491945529136796,0.2291103899897725,-0.9734004464755163,-0.5312506839307456,-0.8472146781206726
0.4542700720753674,0.726105932150305,-0.6875828497687655,0.9541812496994502,-0.2992292477716632
3.4672940661613585,0.27020773335133225,-0.9628020465480613,-0.5640730198389787,0.8257249107842968
3.042871513318741,-0.36260268295686315,-0.9319438257279699,0.4526903686070615,0.891667780157163
3.500042439933137,-0.10522711252428071,-0.9944482162434615,-0.2503362106835798,0.9681589650571782
4.500091774618872,0.6099790694239795,0.7924175255915634,0.6461010213296259,-0.763251904836676
0.9750846894029821,-0.76769928502321,-0.6408102743986337,0.09967582859310814,-0.9950199642189486
4.477960502638345,0.25779114660385305,0.9662006648376261,0.8798908601978694,-0.47517583497085925
5.682566144617795,0.6657138518977148,0.7462071209734651,0.9709259869210596,0.23937988203139854
1.3440244535565056,-0.8944164848549483,0.44723500714916997,-0.6368791065688484,-0.7709636850176963
3.060021446524616,0.9600832802541946,0.2797143095666463,-0.9796822593879861,-0.2005559040279064
5.431517823033843,0.25591880467478484,-0.966698280444229,-0.5587430667909296,-0.8293408137268217
0.02455052530375108,0.7574515710173906,-0.6528913520359164,0.7732505292725604,-0.6341006378956776
2.6979620843346312,0.9904017542280172,-0.13821854152777815,-0.8352038143712116,0.5499405317484599
3.6989565459935614,0.5220586793105935,0.8529095704448854,0.00810091770228849,-0.9999671870278448
3.7730398523292017,0.6318170543638391,-0.7751175458051518,-0.9675486969969991,0.25268462347244086
1.9840905744279693,0.6918991454754279,0.7219941637509077,-0.9390905617787477,0.34366977868016846
1.5273460155150034,-0.5791475441137673,0.8152227438847568,-0.8396095471882282,-0.5431903978075995
3.833104369453782,-0.294599295186952,0.9556208742358818,0.8363264768942437,-0.5482317247712521
4.879887504148564,-0.9393241106242844,0.3430309245533076,0.18162942924587863,0.9833670476642058
3.038305737838791,0.33870148151930285,0.9408938869057601,-0.4339057488366535,-0.9009582682491476
2.990909670933658,0.16060392060807296,0.98701893633573,-0.30694886215992145,-0.9517260089010542
5.315955258921338,0.9532884407051803,-0.30206149840369606,0.2923773255365819,-0.9563030374897258
3.31413774477325,-0.7050163934854532,-0.7091910073575134,0.5727864516116165,0.8197046302480993
2.4491557456119284,-0.7181639521140213,-0.6958739382129279,0.9970216227193959,0.07712252478999054
1.2058186717185524,-0.5086960381092009,-0.8609461892662064,0.622669085300706,-0.7824852779514655
4.685738432577789,0.5400549848909807,0.8416297364604002,0.8269398121688576,-0.5622904472335756
2.573864526948963,0.6519471492627632,-0.7582644094035776,-0.14194039947044962,0.9898752057699847
4.188775758522041,-0.8537856920928288,-0.5206246171451838,-0.023966856124650604,0.9997127536485169
2.7059345893524887,0.5536726022655398,-0.8327344411638714,-0.1505356084714805,0.9886045875789374
0.6542407111977415,0.722588177689204,0.6912787610391306,0.152698638597711,0.9882727992666832
2.5910159726697377,-0.715753297313205,-0.6983532182107237,0.9753449735577915,0.22068570990336261
3.311708467304308,0.14824372079803363,-0.9889508578508613,-0.31352975855282417,0.9495783751233005
4.740586170185699,-0.17744001585283514,0.9841316176071906,0.9787377642755789,0.20511554982702132
1.7828689744226387,-0.9915774463702328,-0.12951512595016895,0.3353272959704447,-0.9421016954539196
0.20303698560652814,-0.6771349983372502,0.7358588139220812,-0.8116079134640485,0.5842025289251438
2.768353532001367,-0.0053459068607941375,-0.9999857105378235,0.3696060881541972,0.9291885382414872
1.2181692691158297,-0.3683854794041339,-0.9296731353353105,0.745241868720808,-0.666794238956455
2.3924838088403355,-0.7523231070431675,-0.6587943097878994,0.9995532126313236,-0.029889381365296674
4.165394962086348,-0.18039703842688856,0.983593873774541,0.933908021640532,-0.35751336634518666
1.321790651887138,0.8992204897415446,0.4374957266408174,-0.20239818033194573,0.9793033118489477
3.9518333234840197,-0.3412443029507218,0.9399746409896791,0.9161954594245135,-0.4007316809660856
1.3378603888188427,-0.9923033186073168,0.12383102955602819,-0.34954520538999,-0.9369194999512336
3.2481770951791007,0.6361061986782801,-0.7716015189222145,-0.7145815503818588,0.6995521480589273
5.46964072848433,0.08345539706609831,-0.996511513581524,-0.6668636748327126,-0.7451797361634374
5.638229419426607,0.9163419651857178,-0.4003965569776753,0.491569281098564,-0.8708384706018912
2.115303733763217,0.9508562474496686,-0.3096326802615233,-0.22768609791019895,0.973734584380378
2.294803374680338,-0.6427456776123774,-0.7660796263513381,0.9996638342012425,0.02592717859834731
3.9935842231847913,0.10459629732184039,-0.9945147633829078,-0.8173403210289261,0.5761551870983477
0.623889776678649,0.573221341321897,-0.819400569839395,0.9439244347246369,-0.3301615688261954
5.48433752433561,0.5823990463366927,-0.8129030390065661,-0.17624555987015245,-0.9843462310722058
4.513857395515306,-0.999999600825017,0.0008935042286370344,0.19810584715002053,0.9801806330085148
5.3335086820896604,-0.5421274889306615,0.8402962487990384,0.36786292411331684,0.9298800293923943
2.459127486979656,0.9998446161341876,-0.01762792067939499,-0.7647816271995105,0.6442895798459485
4.210808123537585,-0.832704992975749,0.5537168903629885,0.8858867954556786,0.4639014826849218
2.5026451637467644,0.8081440531258773,-0.5889848804487932,-0.2974748583747627,0.9547296521188158
3.2611796224975347,0.6342298190036152,0.7731445768332347,-0.5374623474702958,-0.8432877474810833
5.814363636463121,0.9903718460307585,0.13843267890793623,0.946060815700455,-0.3239890939463701
4.800053598660785,0.3087875521710288,0.9511310359904277,0.9745136984129252,-0.22432800004805953
2.362852802628929,0.7509313566084629,-0.6603802674688074,-0.07067247048524067,0.9974995748949034
2.937260482334403,-0.09582522456584072,-0.9953981747707328,0.29581124311793133,0.9552464124219595
5.883345845052569,-0.6025479507646289,-0.7980826818252269,-0.8656910987815363,-0.5005785867278145
