x1,y1,x2,y2
-0.545621384650794,0.8380318040574297,-0.9783905525459747,0.20676539045203468
0.6641127067146722,-0.7476324717266578,0.998254588983277,-0.05905739220308215
0.6272804201161782,-0.778793473610861,0.9942443851037623,-0.10713590756437041
0.886202825005272,-0.46329747781816727,0.9542408153397534,0.29903923879605293
-0.9994015270727957,-0.034591728557038896,-0.6822235510857183,-0.7311436427570113
-0.992507157994632,0.12218650223907161,-0.7882074460969052,-0.6154096374914795
0.8281361302623661,-0.5605270285669313,0.9819331363921278,0.18922821051608224
0.9534436195825101,-0.3015713253567086,0.8874295780569832,0.4609433197146965
0.9799866570859881,-0.1990631857813747,0.8337141392484456,0.5521962821472304
-0.5708442201097088,0.8210583879160716,-0.9842237728862704,0.17692813480482783
-0.9987899868010873,0.04917888028294017,-0.7410258923874996,-0.6714764529090427
0.721380134943117,-0.6925393136201369,0.9997920301306207,0.020393540332468818
-0.0937685297921304,0.9955940251029143,-0.7702956497369887,0.6376869231811724
-0.7696217580647405,0.6385000779274329,-0.9956924989669174,-0.0927170291856636
-0.39949592830073954,-0.916734968936568,0.36574323312801843,-0.930715793043754
-0.7655071005370317,0.6434274465916003,-0.9962671725226531,-0.0863233511497215
-0.7647343637237689,0.6443456781417893,-0.9963700528377605,-0.08512765595315275
-0.17517019514561985,0.9845381672300193,-0.8200376472345604,0.5723095815360832
-0.21303579930323213,0.9770443941885307,-0.841513774973824,0.5402356583282005
0.993580104186693,0.11313079405873658,0.6225716776824957,0.7825627809623984
-0.7251523976551155,0.6885884112988231,-0.9996657128514854,-0.02585464269974669
0.7660146152972146,0.6428231554253941,0.08710951665963473,0.9961987412696951
-0.33271266698900165,-0.9430282504915034,0.43155828775844346,-0.9020850537876128
-0.853436087692719,-0.5211975098019422,-0.23492815139834328,-0.972012738435334
-0.005956438084725841,-0.9999822602653223,0.702882399538433,-0.711306075061288
0.0325751163163468,0.9994692900719744,-0.6836974269523681,0.7297655982428269
0.10465423323926466,0.994508668371021,-0.6292221053505896,0.777225541357315
0.6046362507622236,-0.7965017289775342,0.9907541668520022,-0.13566938072164597
-0.7437311476829156,-0.6684788552873255,-0.05321140625275467,-0.998583269559732
0.49129341263730514,-0.8709941347099822,0.9632827626552568,-0.2684889553990187
-0.9031579974958795,0.4293083175984746,-0.9421959671058688,-0.33506232191852986
0.9561467844506396,-0.2928879078840607,0.8832009008871197,0.46899484930239915
-0.21337846598899624,0.9769696158285491,-0.8417032006255856,0.539940480105581
0.9900620042249869,-0.14063153199052503,0.7995210669017857,0.6006380470634793
-0.865200484247505,-0.5014260883299579,-0.2572273421753375,-0.9663509168192534
-0.5923259178506738,-0.8056984591286971,0.15087717085669677,-0.9885525172262114
0.8026678759726924,-0.5964262577062537,0.9893089494427008,0.14583484683908604
-0.7207461081253219,-0.6931991399462364,-0.019478648000561483,-0.999810273137894
-0.3479461261683836,0.9375145296390959,-0.9089579466699752,0.41688781606746717
-0.776241778910191,-0.6304353263216951,-0.10310073136608033,-0.9946709200493293
0.9998469640675492,0.01749424033517594,0.6946282724682363,0.7193688644136564
-0.6046859426264828,0.7964640047044951,-0.9907626292169084,0.13560756817817732
0.8033237222973937,-0.5955426073710092,0.9891478676820642,0.1469234353669478
0.8065672815090833,0.5911423013108157,0.15232846433517283,0.9883299241413709
-0.20830985574424046,-0.9780628834588366,0.5442975857358674,-0.8388922089053553
-0.9017209204765161,-0.4323186111827533,-0.3319175560062449,-0.9433083992071952
0.6142961392389735,0.7890755688247431,-0.12358771987201428,0.9923336512972019
0.9485169032744523,0.316726513261273,0.4467432690668127,0.8946621996840468
0.8840659334285612,0.4673621993177099,0.29465403613553903,0.955603996951162
-0.5734305856130646,-0.8192541507270242,0.17382350986753364,-0.9847768211210758
0.7350372462424324,0.6780267300308609,0.04031252261214785,0.9991871198732725
0.49003706497865585,0.8717015974214483,-0.26987757902869147,0.9628946423870124
0.9356684277320457,0.3528804235792084,0.41209334973064515,0.9111416306523241
-0.8215806189195112,0.5700923491995248,-0.9840613929509803,-0.17782906090787381
-0.38020428216642543,-0.9249025374720913,0.3851598300271175,-0.9228498823392035
0.9074389493964835,0.4201839515238608,0.3445413131627684,0.9387711560993314
-0.2202471151704623,0.9754441082189635,-0.8454813722639021,0.5340049149162853
-0.8435838853369353,0.5369974193605034,-0.9762184025309302,-0.21678936911195368
0.9999602525516091,-0.008915902473783108,0.7133831705958655,0.7007741803966455
-0.9963648146672474,-0.08518894349093513,-0.6442986373623305,-0.7647739966114461
-0.9259063322969152,-0.3777531784280238,-0.38760281222948617,-0.921826480391941
0.9999431202475091,0.010665658426727868,0.6995248017284903,0.7146083205272077
0.9947023098425445,0.10279744546391537,0.6306719777753967,0.7760495193277743
0.7821787931753174,-0.623054038994054,0.9936496647729401,0.11251819273621372
0.6099666713014315,-0.7924270691372497,0.9916421237577584,-0.12901898460770245
-0.9996464269668713,0.02658986747555578,-0.7256586428999947,-0.6880548916943604
0.8039618090410843,0.5946809309229506,0.14798392809000777,0.988989765885902
-0.9235253991547474,-0.38353726952678846,-0.38182926822017027,-0.9242328764604996
0.025650025889839338,-0.9996709839601481,0.7250114389579649,-0.6887368244693332
0.9813673256508806,0.19214102150461898,0.5580672715526183,0.8297957100526708
0.6790303841841501,-0.7341101670421992,0.9992412665418473,-0.03894728796520924
0.06300588744429199,-0.9980131552977431,0.7502537600909522,-0.661149979557882
-0.5137344720995324,-0.8579492363634429,0.24339659399553992,-0.9699268518972812
-0.9196606077489861,-0.3927141028213344,-0.3726074469568931,-0.9279890573020062
-0.07352804970720589,-0.9972931494331316,0.6532005662396694,-0.7571849313504432
0.9270729059015981,-0.3748810840028698,0.9206204950543311,0.39045858178034504
0.538544142486248,0.8425972979981313,-0.2149980481036205,0.9766144783442611
0.7286636217532516,-0.6848717590421103,0.999520453207509,0.03096552308383832
0.19196801078003536,0.9814011834296698,-0.5582135496741669,0.8296973140610776
0.9696449882777665,-0.24451706833636405,0.8585422236912565,0.5127428694182615
0.9078126520967565,0.4193759514958543,0.34537690317528147,0.9384640615138398
-0.3390963775537558,-0.9407516392384978,0.42543451547384775,-0.9049892115619569
-0.9164734216083029,0.400095572939229,-0.9309548639445147,-0.36513427844842294
-0.8397576004410134,-0.5429614834420128,-0.20986654695982931,-0.9777300406897385
0.27645030895415174,-0.9610282132586713,0.8750294546293949,-0.4840696783842013
0.9797849210933032,-0.20005376376911696,0.8342719347724353,0.5513531888463667
-0.8827498401571681,-0.4698432927077859,-0.29196901969778316,-0.9564277764351657
-0.09196616002241363,-0.9957621329467855,0.6390802612639166,-0.7691400520469883
-0.19001640474936765,-0.9817809154419964,0.5598620546136065,-0.8285858312835377
-0.8756675765138818,0.4829143769264951,-0.9606625120753569,-0.2777184507609546
-0.8028345995122337,-0.596201816355864,-0.14611144218531846,-0.9892681367872547
-0.11865780391501556,0.9929352071359268,-0.7860149560336941,0.6182074804556719
0.9641305760876956,0.26542839383307915,0.4940570511020784,0.869429485499726
0.7943640101964434,-0.6074420295835847,0.9912265566367171,0.13217380004417262
0.08810287247955063,0.9961113812525445,-0.6420589739284686,0.7666552510730765
0.12614129702954863,-0.9920122847947516,0.7906539801159898,-0.6122632470814692
0.5872906983898615,0.8093760779666945,-0.15703807790116692,0.9875925486196759
0.2938573721041049,0.9558492793636817,-0.46809896671386275,0.8836760477468053
-0.06002685716318993,0.9981967623765917,-0.7482770973883526,0.663386301881537
0.291297486125281,0.956632518042896,-0.4704629128299135,0.8824197683934745
0.8122141376206008,0.5833594043548315,0.16182473379886414,0.986819515175357
0.347362596925284,-0.9377308922379185,0.9086983206459814,-0.41745342501310617
-0.9876593994182458,0.15661708317035572,-0.8091256603906906,-0.5876356572718584
-0.40495949492998784,0.9143346255425576,-0.9328818189656789,0.3601826090239315
-0.6593827070013168,-0.7518074525486,0.065354164325925,-0.9978621313614722
0.9351132505825184,-0.35434899264001885,0.9117874962666734,0.41066234506191457
0.6813295030078472,0.7319768495868431,-0.035813082215113146,0.9993585058137313
-0.9980457006626419,-0.06248823400302031,-0.6615390288647258,-0.7499107368805406
-0.9992458822594805,-0.038828685111298875,-0.6791175128716566,-0.7340295659651697
-0.9926767236711569,0.1208011683780319,-0.787347768169284,-0.6165091174985552
0.2756480404650062,-0.9612586321005405,0.8746250958659865,-0.48479989859880723
-0.3428453454941883,-0.9393918612980265,0.42182208661810183,-0.9066786240124726
-0.2473866218930966,0.9689168485005935,-0.8600564318961094,0.5101989160652274
-0.9905729888765705,0.13698596171921298,-0.7973045801538658,-0.6035771752358331
0.22642101755186408,-0.9740295287160335,0.8488467217451257,-0.528639047916963
0.7885078603504865,0.6150246776882191,0.12267113488231385,0.9924473752631346
-0.9964529460619894,-0.08415180499776548,-0.6450943233307379,-0.7641029472567538
0.9383827270216155,0.3455978264218051,0.41916222299911954,0.9079113562514989
-0.8768851518607086,0.48069993805514694,-0.9599576231172502,-0.2801452512877548
-0.03182456816194987,-0.9994934701444054,0.6842452425351349,-0.7292519784464314
-0.8845694294315922,-0.4664085382098696,-0.29568440180989036,-0.9552856821528978
-0.7293679190200899,0.684121654900869,-0.9994880628559937,-0.03199394018205859
-0.48839946442924037,-0.8726201711771457,0.27168506721373176,-0.9623862136653194
-0.11468664794308085,0.9934017177273149,-0.7835367975194556,0.6213453845752424
-0.1688809921640796,0.9856364494506461,-0.8163671119639164,0.5775333224184508
0.1483526424777457,0.9889345243593582,-0.5943811488210377,0.8041834678269526
-0.8235882073564496,0.5671882092422142,-0.983427435291242,-0.18130217736279364
0.969534829763251,-0.24495349329197952,0.8587729289042318,0.5123563765400474
0.1707766768602487,-0.9853097617706679,0.8174765603937264,-0.5759618678409554
0.44267162993173076,-0.8966837949096575,0.947067303324335,-0.3210350805970777
0.9979535632447845,-0.06394283077122934,0.7508741411262654,0.660445322633065
-0.8503193394526942,-0.5262670623863267,-0.2291395625725705,-0.9733935796295614
0.8275354627604499,0.5614134464669048,0.1881766823442027,0.9821351924363209
0.6985077618057616,-0.715602478123927,0.9999269399996185,-0.012087789831035145
0.9996833137056813,-0.025164902114421177,0.724677123093329,0.689088577227323
0.3419507327287776,0.9397178812740833,-0.42268520430693185,0.9062765681953866
-0.958352923859765,0.2855865426266432,-0.8795980321381154,-0.47571767032427437
0.9271883123049345,0.3745955599378178,0.3907420824333269,0.9205002037021324
0.9750640644979562,0.22192356820474354,0.5325507521151326,0.8463980720805113
-0.6159903461272237,-0.7877537010246687,0.12145503300733484,-0.9925969347913519
-0.49360612662307185,0.8696855706289301,-0.9639928038622083,0.26592832512140896
0.8512612502597033,0.5247421117142083,0.23088389705270945,0.9729813081872404
0.39647292905170933,-0.9180464130582714,0.9295055408068464,-0.3688081474281334
-0.8257826355674818,0.5639885094531834,-0.9827166009415051,-0.1851164018502266
0.6217648768271017,-0.7832039567980866,0.9934629896121249,-0.1141546681960009
0.368153174011912,-0.9297651533935625,0.9177668507347125,-0.39711963901636466
0.8720330767180132,-0.48944694616445983,0.9627117566302126,0.2705292473023393
-0.8865648226702871,0.4626043830354424,-0.9540066943225894,-0.2997853018206286
0.5628791402078249,0.8265392147496087,-0.18643582663664576,0.9824671406954588
0.9960244109643974,0.08908070926426905,0.6413060416265901,0.7672851888139339
-0.8797051092859867,-0.4755196322930635,-0.2858022916388153,-0.9582886048023327
0.6416774722606715,0.7669745899266516,-0.08859844156474317,0.9960674255050703
-0.008783618262633719,-0.9999614232810266,0.7008685472901032,-0.7132904593638278
0.07173351944646277,-0.9974238327751267,0.75600841391134,-0.6545618978333982
0.6067427009268899,-0.7948982921556333,0.9911098509976989,-0.13304609447600868
0.8246495138745089,0.5656440393626863,0.1831445273917494,0.983085999333961
0.9998226897989063,-0.01883053274020494,0.7202966013349349,0.6936662065470263
0.5294278429761863,-0.8483549723326802,0.9742395717071921,-0.2255155358723362
-0.7090232869004065,-0.7051850669384201,-0.002714031362806235,-0.9999963170100987
0.6659580691182152,-0.7459891756428765,0.9983974714482299,-0.05659053812945103
-0.8807659247912749,-0.4735518828244381,-0.28794381046913375,-0.9576473056467687
0.37823228316572516,-0.9257107215384527,0.9220269409070863,-0.38712571632677706
-0.9442152595692195,-0.3293289291827115,-0.43479029387521173,-0.9005317320072108
0.8362420033702167,-0.5483605673271615,0.9790618669884423,0.2035629156037656
0.9432890462577855,-0.3319725518925886,0.9017461238389235,0.4322660386168185
-0.9467067499059679,0.3220967706799917,-0.8971795733996973,-0.4416659519074763
-0.9975449185401323,-0.07002953301829848,-0.6558524187573436,-0.7548891341184757
-0.49712655757033464,0.8676780426853435,-0.9650625878353852,0.26201946790356884
-0.33266364523487213,0.9430455445730324,-0.9020626189351657,0.4316051801355378
0.9915088963453579,-0.13003887291118102,0.793054033065944,0.6091512953592404
0.9125878158876479,0.4088807629290138,0.35617467287854165,0.934419393206211
-0.3331017063874013,0.942890902067573,-0.9022630261824235,0.4311860753597401
-0.8904326411512937,0.45511505311550776,-0.9514458990259789,-0.3078160184698761
0.8381561684574964,-0.5454303230263687,0.9783433904863444,0.20698843033291542
0.589731902816478,-0.8075990854381003,0.9880622173569124,-0.1540553622297572
0.10774429452619666,-0.994178639378785,0.7791771789091883,-0.6268037363219199
-0.7513090764683097,-0.6599505069445251,-0.06460026402977087,-0.9979112214457175
0.45641554697987896,-0.889766738238207,0.9518946225909115,-0.30642556597403237
0.9849215669041625,-0.17300146544769304,0.8187752282680872,0.5741142095215392
0.9857657351626781,0.16812470187091735,0.5781595192169797,0.8159237527727642
0.9058732351991844,-0.42354891305463555,0.9400434160898639,0.34105479891961527
0.9995012710945967,-0.031578617453673886,0.7290835811375518,0.6844246720535744
0.3148760340232222,-0.9491328058800869,0.8937892221753709,-0.4484872643934781
-0.18945652653973605,-0.981889110109435,0.5603344534753096,-0.8282664427879026
0.5636125791854188,-0.8260392609216344,0.9826322396280611,-0.185563686219962
-0.4320476643356502,0.901850772435279,-0.9432086300548592,0.33220096355976425
-0.1898178007437,0.9818193329329103,-0.8284725623127005,0.5600296541211264
0.2259600058972124,-0.9741365796103397,0.8485964336912114,-0.5290407287974692
0.1387226569445948,-0.9903312700557487,0.798361688107244,-0.602178225247768
0.5358254193154184,-0.8443287985230967,0.9759164065168295,-0.21814483145671443
0.9749599877457948,-0.22238035501077802,0.8466474757513979,0.5321541616898118
0.9922695985545505,0.12410094191580898,0.6138879443228696,0.7893931794834823
-0.6780537972472668,0.7350122774747117,-0.9991886037005676,0.040275727614906276
0.00123198398903508,0.9999992411074374,-0.7062351003355103,0.7079773888014304
0.556940091527345,-0.8305526680768129,0.9811055391633363,-0.1934733082960522
0.9898494518929047,-0.1421198880780449,0.800423196388719,0.5994353231858014
-0.7947111140201317,0.6069878460503813,-0.9911508398479913,-0.13274039576790986
0.9968127805659472,-0.0797764407603187,0.7612635389521476,0.648442614471051
0.9979527479505452,0.06395555376943864,0.6604357496146691,0.7508825611444908
0.8444784168434547,-0.5355895849300771,0.9758554425526327,0.2184173876787408
0.9090986165538248,-0.416580970976738,0.9373970260234463,0.34826256704159064
-0.06925571901525343,0.9975989401476328,-0.7543801640345397,0.6564377869312681
-0.3016962015374488,0.9534041126289917,-0.8874899432164562,0.4608270832857496
-0.99994995713181,-0.01000416073897874,-0.6999973856364884,-0.7141454054337124
0.95054943833749,-0.3105732848721576,0.8917484294899871,0.4525314779130191
0.7274766089556601,0.6861324824131076,0.029234712240473693,0.9995725744538095
-0.20522605537363164,-0.9787145989489372,0.5469389943322049,-0.8371724651939266
0.7848002041335458,0.6197488520295498,0.11670893031674423,0.9931661621220899
-0.6024331708146158,-0.7981693270868332,0.13840636342347462,-0.9903755240129317
-0.7708981229191885,0.6369584633864848,-0.9955049391148854,-0.09470964152539207
0.12264643687394589,-0.9924504277404113,0.7884925546486694,-0.6150443002447996
0.9744867722156343,0.2244449392986048,0.5303596662292192,0.847772743391312
0.7141219512997474,0.7000213130125691,0.009970656951922563,0.9999502917645192
0.9981261590663673,-0.06118962810330668,0.749049376525642,0.6625141745853798
-0.9597921117929118,-0.2807117777010839,-0.48018230920675786,-0.877168712349492
-0.16959411020524523,0.9855139967467186,-0.8167847754292893,0.5769424846784343
-0.9386028164772924,0.3449996418851679,-0.9076440026558187,-0.4197408300879532
0.6113316689311178,0.7913744945105915,-0.12730950287123255,0.9918630401817983
0.9582340425796498,-0.2859851738140666,0.8797958451946093,0.47535173374912937
-0.9286306139337208,-0.3710056372416473,-0.39430040237795577,-0.9189816062819659
0.7591981570465989,0.6508595534652986,0.0766069612566187,0.9970613689673404
-0.2836946137766024,-0.9589146813529056,0.4774526885764428,-0.878657458951511
0.8373954237816956,-0.546597570639931,0.9786308314702078,0.2056251339110315
0.989406680598557,-0.14517031510245143,0.8022670874384435,0.5969652589665808
-0.152278702240891,-0.9883375925481283,0.5911829108075473,-0.8065375167771897
-0.9977919438294275,-0.06641714258452176,-0.6585814377865458,-0.752509461603644
0.9685637640876942,-0.24876542142403435,0.86078172201164,0.508974289184312
0.6229379693946631,-0.7822712357529541,0.9936329579456384,-0.11266563311055011
-0.2801852393398314,0.9599459524661175,-0.8769051752869415,0.48066340983580036
-0.97129949959619,-0.2378597950141868,-0.5186201887013926,-0.8550047367537398
0.06333458392113304,-0.9979923499103271,0.7504714719681517,-0.6609028444196285
-0.8721662114567004,-0.48920966833584373,-0.27079116854051627,-0.9626381163451101
0.08733630073818051,0.996178884826099,-0.6426487542396722,0.7661609352311024
-0.13656600334379101,0.9906309740416477,-0.7970486264422232,0.6039151323543446
0.9090217901118963,0.4167485874022412,0.3480897198324171,0.9374612242364957
-0.594617474060368,0.8040087434487685,-0.9889780827460015,0.14806198650579716
-0.49420176605385513,-0.869347234670503,0.26526790479023676,-0.9641747448923343
-0.17991397287223276,-0.9836823483042325,0.5683500687712617,-0.8227868492675985
0.9297475310503499,-0.3681976758560253,0.9177858574120744,0.3970757105822306
0.4178569064693187,0.9085128539079076,-0.3469461476633363,0.9378850519235129
-0.6034723467845581,0.797383926766986,-0.990554970496014,0.13711619315617246
0.8487292990958202,-0.5288275492599812,0.9740797889423558,0.2262046966223642
-0.5735747424583941,-0.8191532303627855,0.17365021411073361,-0.9848073939300498
0.65417977138708,0.7563390950545581,-0.07223755052670505,0.9973874554524444
-0.5719805310989073,-0.8202671955185163,0.17556518408929417,-0.9844678085827349
-0.9047837431455135,-0.42587131640859965,-0.33864222454017745,-0.9409152160309027
-0.30439053431088015,0.9525473230354159,-0.8887892824596552,0.45831606057921565
-0.3717158770915128,0.9283465445177719,-0.9192829542857295,0.39359731955350175
-0.18187141942236432,-0.9833223209087112,0.5667113672290675,-0.8239163951842208
-0.9542230139170895,-0.29909603760495707,-0.4632447274885476,-0.886230400321531
-0.07551680637927694,-0.9971445291201646,0.6516892124795969,-0.7584861042482736
0.2824170745467038,0.9592917158010287,-0.4786226488441446,0.8780207059138266
-0.8215667371617719,-0.5701123541806125,-0.17780509936505706,-0.9840657227237326
0.9588472656191253,0.28392238589925695,0.4772439592414339,0.8787708480414906
0.8193767790832471,0.573255347902803,0.17403413298303033,0.9847396206900811
-0.7202547135340316,0.6937096998255179,-0.9998238250429959,-0.018770159199979874
0.6136715372804828,-0.7895614253063589,0.9922355434296446,-0.12437293256523951
-0.9999984354183905,-0.0017689434052744534,-0.7058548429828769,-0.7083565067376865
-0.6939846037904513,0.719989839999017,-0.9998309176280098,0.018388478869434788
0.5081420937793596,0.8612732507918311,-0.24970143577177,0.9683228764072016
0.9934588823274682,0.11419040732328518,0.6217367011590121,0.78322632388851
-0.7506019116057228,-0.6607546975193099,-0.06353157435122209,-0.9979798289847621
-0.827678610037733,-0.5612023863865926,-0.1884271447687046,-0.9820871708327696
-0.6544799769854086,0.7560793342799279,-0.9974160542615454,0.07184159450714961
-0.8419917619047084,-0.5394903825691472,-0.2139007766464595,-0.9768553924455969
-0.48449008191675264,0.8747967538373118,-0.9611609391393038,0.27598849445738055
0.7179622096257128,-0.6960820824797634,0.9998803078459135,0.01547158627812456
0.937353224367691,0.34838044257319223,0.4164666479411948,0.9091509946937444
0.7613613007341611,0.6483278258291759,0.07992673660639454,0.9968007407578768
-0.8499883016076107,-0.5268015633331106,-0.228527534223461,-0.973537449768495
0.7426666574277022,0.6696612844902743,0.05162259426710819,0.9986666649894416
0.736847630613565,0.6760588504406811,0.042984158680304585,0.9990757539358797
0.8234258483570631,-0.5674238911584979,0.9834792824229963,0.18102071993213376
0.547788324659477,0.8366169681322292,-0.20423269240049463,0.9789223704435632
0.8465223044966971,0.5323532548877684,0.22215106541740637,0.9750122584531495
0.5041191410268859,0.8636341190864999,-0.2542154789240858,0.9671476052161829
-0.5543969140971449,-0.8322524026036591,0.1964735001128569,-0.9805091349668311
-0.9455418122761459,-0.32550066242258513,-0.43843530167615713,-0.8987627530356034
-0.06410477224725313,0.9979431738205977,-0.7509813046098219,0.6603234662849183
0.6683169343227641,0.7438766532815922,-0.053428789660337095,0.9985716621431991
0.5874149358873242,-0.8092859155431353,0.9876166433355026,-0.15688647426312674
-0.9338612991589138,-0.3576353924505037,-0.40745324612888373,-0.9132260685170104
-0.5884678820404987,-0.8085205945470837,0.15560076523189997,-0.987820025034544
0.8129158799438149,0.5823811227496759,0.16301269011116998,0.9866239723738318
0.3138526570381938,-0.9494717002997329,0.8933052199117851,-0.4494505357415399
-0.9606593258516273,-0.2777294720664283,-0.4829043306862516,-0.875673116753314
0.8270214610763105,0.5621703504447781,0.18727801633234514,0.982306950295386
-0.7953656822914681,-0.6061298800034753,-0.1338099190411165,-0.991007015901608
0.9593472333172124,0.28222842862938163,0.4787952984636947,0.8779265699186132
0.6907997656380355,0.723046114569766,-0.02280161199813413,0.9997400094475996
-0.8996994441508617,0.43650991992694804,-0.9448427024243836,-0.3275244535532999
0.7681441988965857,-0.6402768851844666,0.9959040993198207,0.09041584461794694
-0.7564246031694131,-0.6540808969233056,-0.07236792869838665,-0.9973780040164839
0.3064212941944073,-0.9518959977141539,0.889764689992836,-0.4564195399431892
0.977611999761538,0.21041572641379858,0.5424896873852347,0.8400624614162152
0.9927137314372847,0.1204966697293443,0.6167505990002901,0.7871586235523202
-0.9354307410134859,0.35351001225843753,-0.9114187471862738,-0.41148009341571223
0.7565446858296662,0.653941999219267,0.07255105547017154,0.9973646997714347
0.9465959647764184,-0.32242220684841444,0.8973313546048733,0.44135749686958203
-0.483752332260707,-0.8752049365904688,0.276798791034709,-0.9609279001474167
-0.34706469259467754,0.937841190796268,-0.9085656633322289,0.41774206804398695
-0.7409054827900523,-0.6716093102181055,-0.048999793535896896,-0.9987987886623809
0.6146042587155371,0.7888356008502184,-0.12320016351866653,0.9923818416864417
0.94493792634832,0.3272496223810458,0.43677158839487706,0.8995724426476259
0.8790280130660344,-0.4767701251601023,0.9586940574597973,0.2844392803240627
-0.9362295912713609,-0.35138889058685474,-0.41354482536790627,-0.9104837601030717
0.8747614392830518,0.48455384050014866,0.27591843916991055,0.9611810521051902
-0.9803040072252218,-0.19749443895505592,-0.5535299541015479,-0.8328292681650533
-0.7673231372210348,0.6412606358457292,-0.9960191378048419,-0.08913964957581694
0.6993587477379729,0.7147708317792314,-0.010897989137790776,0.9999406151530963
-0.18052201515106053,-0.9835709440837506,0.5678413432728989,-0.8231380254064502
-0.9743919677856604,0.22485616094469954,-0.8479964841505152,-0.5300018517593735
0.530512342227806,-0.8476772114100787,0.9745271791378093,-0.22426942975292935
0.2720755283948311,0.9622758995468366,-0.4880453628190549,0.8728182650648513
-0.5894213629298074,-0.807825759011167,0.15443522951008198,-0.98800291491785
-0.2557800624304098,0.9667349997093804,-0.8644486905417391,0.5027210572680167
-0.5733200772938637,0.8193314890639551,-0.9847533664016809,0.1739563375119078
-0.5509246203524116,0.8345550087858505,-0.9796820409594882,0.20055697101185926
0.7191410918135238,0.6948640802813546,0.01716643948134089,0.9998526458211396
-0.844450656426893,-0.5356333530132245,-0.21836680939154868,-0.9758667616822263
-0.5150360909359586,-0.8571684927908905,0.2419241414152632,-0.9702951663285186
-0.5419257991340855,0.8404263371842192,-0.977470569578384,0.21107175464308275
-0.13029031015976375,0.9914758872904941,-0.7932084851229249,0.60895016144919
-0.5073120717898344,-0.8617624161080047,0.2506342420612848,-0.968081854342062
-0.9907896619521293,-0.13540991754220003,-0.6048448177618768,-0.7963433596298785
0.9990026952931033,0.0446499137414071,0.6748293234794482,0.7379738370513348
0.8620984019749949,-0.5067409055051311,0.9679155566738946,0.2512756954993152
0.8031404666288887,0.5957897203402648,0.14661911878477735,0.9891930216124533
0.9873873971046084,-0.15832286012760863,0.8101394921638845,0.5862371561377216
0.8425903592998548,0.5385549985052052,0.2149854653383954,0.9766172483082785
-0.072522313212497,-0.9973667901460869,0.6539638011826668,-0.7565258401024497
0.937212844246417,-0.34875791687005636,0.9093186455930842,0.4161004695704619
0.7907547367449261,0.612133111598664,0.12630456240748356,0.9919915108079573
0.33015505141407103,0.9439267143299697,-0.43400210494797564,0.9009118563437415
-0.7138930836028085,0.7002547145032825,-0.9999534976408416,-0.009643783274599804
-0.932113925385863,0.362165197253626,-0.9151935443665579,-0.4030146105909528
0.8751788526502402,0.4837995203323471,0.27674697989824554,0.9609428230218487
-0.8957249365417127,-0.44460863470848694,-0.3189873961300714,-0.9477589572829986
-0.7488166680183179,-0.6627771855593283,-0.0608391014965326,-0.9981475861460041
-0.9958444993142012,-0.09106993568487921,-0.6397722293873931,-0.7685645675573947
-0.9014980480528756,-0.4327831666745546,-0.33143147106565907,-0.9434792949435897
-0.9177168913524077,-0.3972350781671642,-0.3680362195875556,-0.9298114545818956
0.9124856706926696,0.4091086662251838,0.35594129335233027,0.934508317612353
0.9354674411943302,0.3534128838417361,0.4115747245245536,0.9113760179709239
0.984439441872828,-0.17572417387802697,0.8203595599833335,0.5718480500482198
0.2507049386711259,0.9680635483923082,-0.5072491374764019,0.8617994618990233
0.9600753730484324,0.27974144860194267,0.4810687314473693,0.8766828820181325
-0.5654561333844288,-0.82477837096879,0.18336851270837073,-0.9830442454676799
-0.9600793495860866,0.2797278007248419,-0.8766760433484267,-0.4810811937905569
0.2501668054509073,0.9682027522427769,-0.5077280871122339,0.8615173762364587
-0.783208793297572,0.6217587844987484,-0.9934621016070164,-0.11416239604427575
0.9996900094765918,0.024897488883256484,0.6892824015614747,0.7244927680092094
0.6325406677746696,-0.7745271484016394,0.9949471944076145,-0.10039960328814279
0.6665988240385576,0.7454166672341128,-0.05573263140207496,0.9984457290193596
-0.9826995824123197,0.18520672430193394,-0.8258344692681846,-0.5639126079176948
-0.9800739626321573,0.19863289699971845,-0.8334716134767993,-0.5525622766063394
-0.274704881895523,-0.9615285892071888,0.48565770091976335,-0.8741490705465114
-0.1369493812249891,0.9905780468908508,-0.7972822903945378,0.6036066181075551
0.667486076352805,0.7446222786588764,-0.05454353172560039,0.9985113935989406
-0.8989173694338206,0.4381182065723588,-0.945426922481631,-0.3258342128244238
0.5668363230827991,-0.8238304333016429,0.9833498938101394,-0.18172227806074753
-0.5818172136818102,0.8133195742532789,-0.9865106834317198,0.1636968890207789
0.06574117890233752,0.9978367087838225,-0.6590910698928661,0.752063136702948
0.5222581310919683,0.8527874556466719,-0.23371952677364005,0.9723040588235274
-0.9821492281268498,0.18810341222272722,-0.827493577692648,-0.5614751809986099
0.3502766835564645,-0.9366462752590673,0.9099919510431185,-0.4146259145744976
-0.5253958923548339,0.8508578943023728,-0.9731583851789749,0.23013638859565422
0.9935087207187386,-0.1137559750334699,0.782954374934846,0.6220791322415375
-0.3576370641951669,0.9338606589389351,-0.9132267979151097,0.4074516113230076
0.862224952456712,-0.5065255485767926,0.9678527610332757,0.2515174605475035
0.7431322381105894,0.6691445857815382,0.05231717068594477,0.9986305190867228
-0.39493428892102495,-0.918709370494524,0.37036491199715815,-0.9288863396354461
-0.24074960476683877,-0.9705872592428828,0.5160731546452951,-0.8565445108425209
0.6634670272964293,-0.7482055223602933,0.9982032326771717,-0.059919164487201027
0.9999164829920996,-0.012923894177459564,0.7161862989561357,0.6979091525316976
-0.8367672293603884,0.5475587675022099,-0.9788662997543706,-0.2045012645564489
0.05920858151547162,0.9982456330357402,-0.6639994669154032,0.7477330459034562
-0.35979236445688173,-0.9330323973359802,0.4053419144964099,-0.9141651559496156
0.5747168000228147,-0.8183523689533354,0.9850486560449442,-0.17227636292901377
0.33921068719991687,0.9407104281814677,-0.42532454573000644,0.9050409000700266
-0.19454066976678414,-0.9808944529390974,0.5560360924928387,-0.8311581461101705
-0.9154815661851929,0.4023599159646822,-0.9318546485571072,-0.36283179844455477
-0.5745938764232267,0.8184386826005536,-0.9850227688993646,0.17242431600510727
0.3996831495521386,-0.9166533586716861,0.930790471288488,-0.3655531405398596
-0.4146826017890316,0.9099661201239744,-0.9366680939547798,0.3502183344245698
0.9749341022721638,-0.2224938116594933,0.8467093979231364,0.5320556319301958
0.18199261419294885,-0.9832998974774768,0.823986237068062,-0.5666098138246596
-0.08957849811302376,0.9959797651939597,-0.7676056093574597,0.6409224824290088
-0.6017248540281142,-0.7987034493758273,0.1392849005189688,-0.9902523499024989
0.996134651495717,0.08783937664570689,0.6422617481661411,0.7664853859288983
0.8002010500860931,-0.5997318396092657,0.9899020395096672,0.14175313814727786
0.41385004902387074,-0.9103450647545357,0.936347344566803,-0.3510749924484749
-0.9581566586551273,0.2862443317776647,-0.8799243788502833,-0.4751137626978859
0.647079802455964,-0.762422277516568,0.9966684788451208,-0.08155944627419337
0.9857210095001445,-0.16838673175169092,0.8160774100590622,0.5779426102921406
0.42634220936793216,0.9045619495154935,-0.33815242115560923,0.9410913558558486
-0.58406477580547,-0.8117070516284222,0.1609673969191478,-0.9869597241676448
-0.2527390304128959,0.967534486468544,-0.8628636786892231,0.5054367141382796
-0.019113461636605246,0.9998173211063439,-0.7204928660372562,0.6934623493668712
0.06997521820750152,0.9975487300562377,-0.6558935202772616,0.7548534228963271
0.1882065753611239,-0.9821294644754517,0.8275525500354519,-0.5613882586319566
-0.9655342445902213,0.26027605061470915,-0.8667787721876901,-0.4986928514474621
-0.4534991321507006,-0.8912567178644778,0.3095413573740631,-0.9508859805860124
-0.8832613280761147,-0.4688810364316498,-0.2930111142118605,-0.9561090350730528
0.0030294441257469,0.999995411223616,-0.7049613959471076,0.7092456769161906
0.5187944147951976,0.8548990321536857,-0.23766185412229668,0.9713479516090782
0.2573504073471997,-0.9663181504236741,0.8652643351245474,-0.5013158987718971
-0.9932349355038423,0.1161221895017402,-0.7844339458490599,-0.6202123705632402
-0.7264282232866914,-0.6872423418362266,-0.027708602500395974,-0.9996160429622342
-0.5020038515525467,-0.864865384338169,0.2565818504644582,-0.9665225056935997
-0.5321593403698127,-0.8466442207073559,0.22237439146731663,-0.974961347961826
-0.1860086282303187,-0.9825481108952757,0.5632384696752155,-0.8262943944369472
0.8747367557677355,0.4845983987890767,0.2758694778205877,0.9611951056923855
0.8910635839046972,-0.4538784963389615,0.9510176652434328,0.3091365400513662
0.043067279698499654,-0.9990721742794016,0.73690387484982,-0.6759975438056864
-0.8478703690784216,-0.5302035809373802,-0.22462434005228082,-0.9744454350327048
-0.8120826950161485,-0.5835423690318546,-0.16160241427807842,-0.9868559467822526
-0.9958676881406094,0.09081601024862265,-0.768401412135903,-0.6399681787616867
0.3490401733103909,0.9371077619011873,-0.41582657968857284,0.9094439265971834
-0.25406863465920665,0.9671861914245915,-0.8635575690806514,0.5042502601719865
-0.8934719918240551,-0.4491189150168978,-0.3142050738514478,-0.949355134586634
-0.4218397381804699,-0.9066704116115363,0.3428270569103474,-0.9393985357930836
-0.849124768705396,-0.528192320249933,-0.22693351060566014,-0.9739102534444284
0.986007778592562,-0.1666993118011031,0.8150870003391752,0.5793385727517938
-0.8597026643920482,-0.510794801106289,-0.2467151161386692,-0.9690880514528507
-0.9947549852392047,-0.1022864572744094,-0.6310705481194827,-0.7757254432440485
-0.015367183364632778,0.9998819178660237,-0.7178895240737448,0.696157044944007
-0.39353176369018633,-0.9193110197136176,0.3717820773413861,-0.9283200347766516
0.005156740918627453,0.9999867039231563,-0.7034510129680644,0.7107437459128317
0.7408358098407577,-0.6716861639617038,0.9988038662507273,0.0488961835177274
-0.06962757924735594,-0.9975730550732378,0.6561565385278585,-0.7546248054146768
0.9734533693896962,-0.22888542466449846,0.850181914559377,0.5264890427693177
0.9862911719806738,-0.16501431475174735,0.8140959168857739,0.5807304349781499
-0.023820876767866785,-0.9997162426558899,0.690062230947948,-0.7237500379406835
-0.7902064927759748,0.6128406797648907,-0.9921041700282579,-0.12541656913080262
0.7233698429392387,0.6904607666812512,0.02327023098460823,0.9997292115117589
-0.35937668725250144,-0.9331925828356212,0.40574911091945576,-0.9139844960326575
-0.7072228531641729,0.7069906901525131,-0.9999999865250839,-0.00016416403988522843
-0.981376026256668,-0.19209657750379533,-0.5581048504643364,-0.8297704356556581
-0.966854533341096,-0.25532785072876724,-0.5031253422703461,-0.8642134516225417
0.9720787119615703,-0.2346550185935401,0.8532896039620587,0.5214372941881633
0.19472311639656736,-0.980858250687024,0.8312615565013594,-0.5558814843857791
0.975829668644245,0.21853250969515484,0.5354899564662086,0.8445415954965263
-0.931265178680576,0.3643421015708105,-0.916132693620415,-0.40087515223545916
-0.9366819040499135,0.3501813967437856,-0.9099497664513285,-0.4147184858855132
-0.9894302027384484,0.14500990969224464,-0.8021702963497724,-0.5970953153845022
0.6377394444427141,-0.7702521671517051,0.9956004164121894,-0.09370064482102025
0.10784558677905455,0.9941676565913223,-0.6267243458795511,0.7792410373445747
0.42249436612948776,0.9063655501997206,-0.3421485954768257,0.9396458580833714
-0.6667910295341162,0.7452447402919617,-0.9984600681219866,0.05547515088612065
0.32222045858120724,0.946664658721195,-0.4415487283915949,0.8972372709912164
0.4227388488536185,0.9062515465751866,-0.3418951073487221,0.9397381207394995
-0.9961617728488797,0.08753126478337268,-0.7662866956344142,-0.642498793846098
0.9999147811679586,0.013054899533641808,0.6978153143845791,0.7162777303604734
-0.9980937865864768,-0.061715420904895416,-0.662119492129823,-0.74939827738109
-0.5756176706449303,-0.8177189598152317,0.1711914633063253,-0.9852377798739953
-0.6645342364534248,0.7472578193510349,-0.9982877362846301,0.05849440643094772
-0.6274116757962375,-0.7786877352793975,0.10696832749172186,-0.9942624285939923
-0.6391900986678059,0.7690487746333392,-0.9957752568417431,0.09182395037113522
0.5442390040631286,-0.8389302154865885,0.9780483346721096,-0.20837815395360715
0.7390273971042904,0.6736753716214193,0.046210860383214314,0.9989317075669604
-0.9659138864904139,-0.2588636009271751,-0.4999600515616511,-0.8660484667975985
-0.34388381573788684,0.9390122050716653,-0.9071444758716725,0.4208193197745426
-0.8010057745300486,-0.5986566204173448,-0.1430824590404547,-0.9897107708391055
-0.6194497053102388,-0.7850363447580362,0.11708743562742935,-0.9931216100851862
-0.5458668981157935,-0.8378719052107201,0.20647872065724848,-0.9784510912231361
0.7889703816954031,0.6144312303320933,0.12341781751154168,0.992354796592775
-0.5657437891342815,-0.8245810845853704,0.18302560683745078,-0.9831081462594962
0.9523257183339152,-0.3050831463712677,0.8891223349571129,0.45766961170740994
-0.027455262536310275,0.9996230332275574,-0.7262540277441533,0.6874264231067895
0.33413359447615626,0.9425257243398949,-0.4301982006471761,0.9027344615998283
0.9960242134047836,0.08908291817953694,0.6413043399918826,0.7672866110571563
-0.14676288770339257,0.98917170137088,-0.8032270509187723,0.595672984675595
0.6123371641088245,-0.7905967350369988,0.9920240736424957,-0.1260485514147165
0.13242892156983616,-0.9911925043763448,0.7945203297730425,-0.6072375528385375
-0.6887669427888622,0.7249828263630003,-0.999672048668198,0.025608496861935615
0.06532978573093089,0.997863727718545,-0.6594010740660644,0.7517913430736753
0.9999074501102366,-0.013604823190496164,0.7166614012667417,0.6974212757970539
0.11610009271323952,0.9932375186590452,-0.6202298219187923,0.7844201476266294
0.6667551256681182,-0.7452768629142407,0.9984573943789117,-0.055523252877281604
0.06378215970536269,-0.9979638450882474,0.7507677998872863,-0.6605662045945158
0.03609563620470011,-0.9993483401932372,0.7321694572497448,-0.6811225189865727
0.034038576060003746,-0.9994205197712359,0.7307659347411876,-0.6826281188332621
-0.9606584116938564,0.27773263409588217,-0.8756747062386243,-0.4829014483866234
0.9918993298572641,-0.1270264516890487,0.7912000077758554,0.6115574770170719
0.36904600072004673,-0.9294111304221288,0.9181478425106626,-0.39623798315282144
0.9734285053566725,0.2289911460276898,0.5263967049501302,0.8502390893258469
-0.9997464579769565,0.022517099336495053,-0.7228494935362245,-0.6910055062692508
-0.31490643965225706,-0.9491227182327581,0.44845863132316877,-0.8938035891580154
-0.5437381121870742,0.8392549465777588,-0.9779237701865389,0.20896195755243507
0.2452800139467672,-0.9694522756475812,0.8589454392984248,-0.5120671169958448
-0.4379979483492256,0.8989759714485527,-0.9453833249585684,0.3259606861115032
0.6153753675481185,0.788234201881026,-0.12222965394480084,0.9925018446816782
0.45134382853017024,0.8923501266026291,-0.3118385439130114,0.950135107513775
0.7461883505473792,0.6657348913098828,0.056889186596749186,0.9983804988321638
0.2419823429809568,-0.9702806530511915,0.8571993850758527,-0.5149846737773658
-0.6426529094863053,-0.7661574498292023,0.0873308979837899,-0.996179358477852
-0.24249473017116527,0.9701527229458328,-0.8574712372876252,0.5145319010755592
0.9563926663179556,-0.2920840081436018,0.882806322664997,0.46973715699602175
0.5455643295730764,-0.8380689484150332,0.9783764735407636,-0.20683199951153408
-0.7249943986599023,0.6887547618069633,-0.9996716182629092,-0.025625292966450997
0.9787770748081939,-0.20492788446162036,0.8370058036238317,0.5471940101097814
0.8799563538435126,-0.475054539321993,0.9581373911389695,0.28630881876290415
-0.9778491314235687,0.20931095569552097,-0.8394489479559208,-0.5434385556580409
0.9668206416627668,0.2554561544664678,0.503010652791794,0.864280211029949
-0.7716041876158876,-0.6361029615193017,-0.09581383583198755,-0.9953992710782749
-0.9725302609342846,-0.2327764841368049,-0.5230849119818577,-0.8522805728496526
-0.8218886825438684,0.5696481313111669,-0.9839651173476179,-0.1783610042668759
-0.99066994073628,-0.13628304561307458,-0.6041427672985382,-0.7968760987260594
0.19061036337186316,-0.9816657727430688,0.8289244052700326,-0.55936064426068
-0.7976970581802121,-0.6030583747620418,-0.1376303329262099,-0.990483665417366
-0.267918830926599,0.963441487603126,-0.8707032313163956,0.4918087870048552
-0.003618963784014418,0.9999934515291238,-0.7096611445509295,0.7045431568858395
0.298042659509385,0.9545525512576941,-0.4642225963712755,0.8857185676151944
0.6420651094811756,-0.7666501126243483,0.9961120863115294,-0.0880949005566849
-0.5817567321923885,0.8133628369607463,-0.9864985079142361,0.16377024724590783
0.8829422032439008,0.4694816990371468,0.29236072627740495,0.9563081123417014
-0.701390842747309,-0.7127768835408594,0.008051146655986052,-0.9999675889935253
-0.47218328172267415,0.8815003961777929,-0.9571989082249663,0.2894309072869247
0.9421140394167318,0.33529261359876217,0.42908754516517594,0.9032629066800669
0.24178477170967155,0.9703299048103702,-0.5151592040159597,0.85709450734306
-0.7897472210235835,-0.6134324142768518,-0.12467339547420975,-0.9921978353438045
-0.9616103866083755,-0.27441841112959364,-0.4859181058380264,-0.8740043446223735
-0.695963968641153,0.7180767050623884,-0.9998777492493682,0.015636065874046423
0.6356042193308101,-0.7720150752212495,0.9953371485067857,-0.09645704122759058
0.9952486443794467,-0.09736598924097524,0.7725952166566555,0.6348989141581953
-0.08085771598221278,-0.9967256542129032,0.6476164297942631,-0.7619665083588203
-0.12752836852049604,0.9918349233730887,-0.7915093743092504,0.611157025960251
0.4566553237231785,0.8896437013295149,-0.3061690179804018,0.9519771701195971
-0.9975226991922264,0.07034532391179323,-0.7550967205491251,-0.6556134094235386
-0.9955747053205368,-0.09397343308577305,-0.63752837352362,-0.7704268770962808
0.8174624865048793,0.5759818427322688,0.170752600736906,0.9853139344095276
0.9613987887782677,0.2751588067565344,0.4852449448089021,0.8743782611303905
0.9977185765305289,0.0675103106635953,0.6577565727102876,0.753230569650765
-0.41456149907121365,0.9100212983704437,-0.936621478314043,0.3503429838898115
0.6662509023874019,0.7457276547560594,-0.0561985505465617,0.9984196126461385
-0.07814592389495031,0.9969419313975135,-0.7602019128486028,0.6496868874321885
-0.9773455306196241,0.21164997939486171,-0.8407467879316005,-0.5414285165954009
-0.17144239379611398,-0.9851941461506246,0.5754093822923105,-0.817865540764484
-0.9615090785060053,-0.2747731645385561,-0.4855956216507249,-0.8741835575173248
0.17947718502760307,0.9837621359122171,-0.5687153427767998,0.8225344119793816
0.6845823785818398,0.728935502589379,-0.031362394752538825,0.9995080791046093
-0.9925455519000305,0.12187422780663668,-0.7880137833190027,-0.6156575974511089
-0.46293794520379883,0.8863906920148048,-0.9541194294264774,0.2994263087821326
-0.22613164273122985,0.9740967509214243,-0.8486896361244287,0.5288912000922162
-0.1533368208600717,-0.9881739823373848,0.5903190180671369,-0.8071700297386241
-0.056862337860333,-0.9983820283503992,0.6657549577661852,-0.7461704471565093
0.9338311272707012,0.3577141676539125,0.40737620890160764,0.9132604362507737
-0.47710172443946197,0.8788480781892236,-0.9588013003873042,0.28407757105342607
-0.25824746479295396,0.9660787995438116,-0.8657294038973203,0.5005123367386566
-0.8734735144649934,-0.486871666384657,-0.27336878839685735,-0.9619093021332282
-0.9999817828578456,0.006036054377203291,-0.7113620347035275,-0.7028257647400651
0.7311078563241382,-0.6822619016339131,0.9994033401761274,0.03453930579498893
0.8186954486028168,-0.5742279707895048,0.984945595525864,0.17286461134136472
0.7588020200730754,-0.651321344908195,0.9971077936878493,0.07600031425559534
-0.9606372064797601,-0.27780597100631715,-0.48283459700925985,-0.8757115689146203
0.22378651602155428,-0.9746381868400882,0.8474142341349407,-0.5309323081010346
-0.19861821164501584,0.9800769388180377,-0.8334633338441231,0.552574765201452
-0.9814598176901701,0.1916680105275217,-0.8295266425313771,-0.5584671425702867
0.40169420502195935,-0.9157738616338512,0.931590603929054,-0.3635092112603206
0.018030593516982597,0.9998374356351263,-0.6942422758770894,0.7197413857664426
0.9722089301378795,0.23411492084051322,0.5219112791273344,0.8529997753338917
-0.9712486663943163,0.2380672762629549,-0.8551155036499586,-0.5184375328016653
-0.6607920176047132,-0.7505690570959427,0.06348195341910073,-0.9979829866235672
0.607752275661189,0.7941266721554227,-0.1317865996006229,0.9912781104037882
0.6638277530256635,-0.7478854954556204,0.9982320110920054,-0.059437799683454806
-0.8452745773272232,-0.5343321896763138,-0.21986947086629433,-0.9755293003190503
0.47521311755154955,-0.8798707251107615,0.9581889742228447,-0.28613613836384355
-0.9780213819608933,-0.20850461967856873,-0.5441305208465482,-0.8390005818134241
0.08325772649752604,-0.9965280482648058,0.7635238435632149,-0.6457796375780638
-0.840657979999497,0.5415663954338058,-0.9773802289902287,-0.21148968764222986
0.9566316861939755,0.2913002179361889,0.47046039294188313,0.8824211118694797
0.3951581514292687,0.9186131042822125,-0.370138546808001,0.9289765638415541
0.9928796865092436,-0.11912148470072967,0.7863035688499551,0.617840349616164
-0.1329166377196527,0.9911272206015243,-0.794819034569995,0.606846522841831
0.9691125638995058,0.24661881212131057,0.5108802312472722,0.8596519000855718
0.9521803486104966,0.30553655054672785,0.45724621462311543,0.8893401482069905
-0.8985682943166637,0.43883370477760886,-0.945686022732005,-0.3250814458090796
-0.3181808927749085,0.9480300203437453,-0.8953463230786105,0.4453705892283553
-0.3560450176707732,-0.9344688038622899,0.40900738161561906,-0.9125310744209949
0.19370559807452148,-0.9810597032161661,0.8306845108453027,-0.5567434269407229
-0.8844319249766505,0.4666692298428261,-0.9553727886418273,-0.29540283465589545
-0.9228508257571721,-0.385157569572903,-0.38020654764617234,-0.9249016061868305
0.8771654469985238,0.4801882741091038,0.2807052509263735,0.9597940206639973
-0.37603689416946,0.9266046914533653,-0.9211066986494965,0.38931022296238993
0.4903847433290212,-0.8715060547753699,0.9630022185751743,-0.2694934637784234
0.9863971902134,0.16437938781705458,0.5812543623305193,0.8137219219559845
0.3633774943489919,-0.9316419895006066,0.9157170587987538,-0.4018236780292568
0.7548167622112931,0.6559357098716766,0.06991946264020482,0.9975526395855534
0.7326297809930178,-0.6806273606035265,0.9993237083832333,0.03677126409552284
0.6370144549680969,-0.7708518561706252,0.9955118156102802,-0.09463733396669238
-0.9114818895634845,0.4113402059096335,-0.9353764740124404,-0.35365357606569503
-0.19536637588050823,-0.9807303294868146,0.5553361772944962,-0.831625955696391
-0.96538714761541,0.26082111727960694,-0.8670601792542568,-0.498203417844133
0.9994551788162942,0.03300523499824387,0.6833833089511013,0.7300597599149288
0.5929630141610965,-0.8052296963208617,0.9886715469873919,-0.15009521037513962
-0.9615228092827905,0.2747251121192427,-0.8741592884511518,-0.4856393089676495
0.3970026749561456,0.9178174524804292,-0.36827166092958397,0.9297182281509626
-0.7809838548481887,-0.6245512136458173,-0.11061458139311903,-0.9938633781276103
-0.2530922597059938,-0.9674421471472667,0.505121649549571,-0.8630481557574411
0.657962748888791,0.7530504771094071,-0.06723717743242102,0.9977370204472324
0.8090935759356199,0.5876798323744922,0.15656315951997285,0.9876679487971267
0.7583211263624465,0.6518811772956712,0.07526440977426763,0.9971636117615459
0.6930923736223253,0.7208487786121102,-0.019626742189636892,0.9998073769436899
0.9998151027202986,-0.019229154229938216,0.720573104418719,0.6933789737137763
0.2274176157001246,0.9737973239176982,-0.527770153020683,0.8493872294663518
0.7128144325712346,0.7013526821208778,0.008104681467715313,0.9999671565298067
0.35473560393641324,0.9349666578546361,-0.41028531288059256,0.9119572150240789
-0.44361806393793685,-0.8962159412485121,0.32003502819694474,-0.94740571073167
0.40238848208005223,-0.9154690106657415,0.931865969758052,-0.3628027210577192
-0.6714733237488434,0.7410287278464183,-0.9987897791229201,0.049183097905565853
-0.5504707597004854,-0.8348544440288801,0.20108963164742227,-0.9795728457056698
0.38098824734896086,0.9245798804765152,-0.38437732998076346,0.9231760764864194
0.8186339349096693,-0.5743156628669562,0.9849641064389257,0.172759106929182
-0.12191145743161871,-0.9925409797821442,0.6156280391552613,-0.7880368756637269
-0.9630898965014167,0.2691799607268164,-0.8713463722978625,-0.4906684211189415
-0.8217938646422509,-0.5697849103270055,-0.17819724051604097,-0.9839947883360298
0.8824830410850509,0.4703442167150355,0.2914261575022895,0.9565933277644427
-0.983517797683111,-0.18081134267673352,-0.5675991776372239,-0.8233050306815495
0.948078239195239,-0.31803718707795015,0.8952788036826683,0.4455063003780419
0.7982784925810689,0.6022885091735493,0.1385858463120962,0.9903504244468018
0.9132952241998097,0.40729821194527654,0.35779391862531307,0.9338005738886344
-0.46851313508124426,0.8834565310508173,-0.9559869188804934,0.29340928909866
0.9339799474377943,0.3573254228068511,0.4077563247684451,0.9130907838825942
0.8119772621342848,-0.5836890660076741,0.9868851249029085,0.1614241315459709
0.491141719130514,0.8710796816190373,-0.2686567097058348,0.9632359899474452
-0.8442089704044898,0.5360141922454957,-0.9759651578605479,-0.2179266175625083
0.6111578851877292,0.7915087108635397,-0.1275272918279584,0.991835061811704
0.5154349138985731,0.856928730720572,-0.24147259360811202,0.9704076393640828
-0.5708298366777063,-0.821068387869429,0.17694537646196407,-0.9842206732987953
-0.9503842006208469,-0.3110785611550138,-0.4520573529170928,-0.8919888730660215
0.5382068393561047,-0.8428127894558269,0.9765283444846455,-0.21538893290528482
0.3263614395028923,-0.9452450533092464,0.899161574068306,-0.4376168000877094
-0.5660922002470751,0.8243419319793367,-0.9831854036905285,0.18261013654748898
0.9426305021138531,0.3338378895281139,0.4304813846956509,0.9025994557003206
-0.8652643815206059,-0.5013158186929306,-0.25735049677854754,-0.9663181266062615
-0.9170324326811273,-0.3988126344675324,-0.3664367334619573,-0.9304429699716852
-0.8699423761060807,-0.493153386133469,-0.26643004988606384,-0.9638542568862315
0.8601370840068007,0.5100629340740983,0.24753980533553005,0.9688777243669336
-0.37591072516867347,-0.9266558836499998,0.38943563626780564,-0.921053682042849
0.705270478727397,0.7089383272440758,-0.002593560558508512,0.9999966367161589
0.12574262575753806,0.9920628972336379,-0.612580938640121,0.7904078653548359
0.3969502294440179,0.9178401360500321,-0.36832478521274,0.9296971832795822
0.8682346683109495,0.4961537672365045,0.26310092829974113,0.9647683149481094
0.9358272256207595,-0.35245908101076384,0.910955983528922,0.41250357098194235
-0.99842494498561,0.05610373633263377,-0.7456643815158379,-0.666321716694423
0.7998402651165873,-0.6002129208024659,0.9899871017851927,0.141157848874777
0.08333597611233264,-0.9965215075879721,0.7635745494395271,-0.6457196817878661
-0.9976784985145177,0.06810002644505682,-0.7536192222419112,-0.6573112412453455
-0.8296464226494505,-0.5582891843704025,-0.19187854331116866,-0.9814186795740053
0.08130404466999593,0.9966893459450138,-0.6472751539300559,0.7622564365781522
-0.9919008326774785,0.12701471620928298,-0.7911927721928971,-0.6115668379087592
0.9596653319325128,-0.2811448926921135,0.8773853239976765,0.4797864037605611
0.9221031175235525,0.38694423455240373,0.3784144751611173,0.9256362595472025
-0.652770182411921,-0.7575559972397469,0.07409476023691353,-0.9972512053166114
0.44068268250194575,0.897662950857887,-0.3231338466229342,0.9463532729201427
0.9999483282491638,-0.010165669269785979,0.7142584574171008,0.69988203006517
0.27942003033348645,0.9601689677595467,-0.48136218993950386,0.8765217864358221
0.7714668249009361,-0.6362695482869414,0.9954199356041045,0.09559891109170904
0.9770189562778459,0.2131524315454756,0.5401351995596606,0.8415782591040749
-0.6677568573411268,-0.7443794593309934,0.054180361459192417,-0.9985311654786501
0.30495713535353636,0.9523660775127204,-0.4577872532015683,0.8890617699609872
0.3926561361655693,0.9196853585501543,-0.372665937031613,0.9279655701459779
0.44762754628601686,0.8942200958410406,-0.3157886202177465,0.9488295670672219
0.6574538153374041,0.7534948445067761,-0.06791126299779787,0.9976913652818911
0.403967124064541,0.9147735034832523,-0.36119465476031914,0.9324904403652479
0.6816603463060771,0.7316687585744516,-0.03536128743134004,0.999374594109335
0.5149430153888508,0.8572244110512939,-0.24202949594690915,0.9702688921591194
0.3849681520887788,-0.9229298575067072,0.9248235516853563,-0.3803963699196971
0.169478670433978,0.9855338554651134,-0.5770381551579585,0.8167171894186505
-0.9607693196444942,0.27734872350500506,-0.8754816642204294,-0.4832513379327855
-0.14489417574456845,-0.9894471576771051,0.5971891405958164,-0.802100449042656
0.1731158005386001,0.9849014771051364,-0.5740191567703071,0.818841869753071
0.5691032554762128,0.8222660667973454,-0.1790131406294233,0.9838466829145638
0.6495974284184793,-0.7602783575718164,0.9969327289044517,-0.07826323555235254
-0.9890988697044562,0.14725293188716904,-0.8035220647189885,-0.5952749713449522
-0.8309593060563537,-0.5563332020276546,-0.19418998044953545,-0.9809639399554955
-0.054422007164734915,0.998518024442304,-0.7445410365321148,0.6675766959081811
0.23942110236391217,0.9709158232013984,-0.517244877506347,0.8558374475877087
-0.9403025444912714,0.34033971972610055,-0.905550829302198,-0.4242377818512885
0.9208938552022872,-0.3898134264628001,0.9268100070159694,0.3755305725171502
0.9957769232295935,-0.09180587760815813,0.7690371735742326,0.6392040563552108
0.8847758641603395,-0.4660168132152792,0.9551546621494322,0.2961073646064949
0.10747736808876493,-0.9942075313276962,0.7790088631081992,-0.6270129115089027
-0.39876229634482785,0.9170543228259707,-0.9304228542136286,0.36648780655973384
-0.9988322325658242,-0.04831326099086246,-0.6721184104471187,-0.7404436793828674
-0.759496268866086,-0.650511658295602,-0.07706375717936437,-0.9970261668228172
-0.12954153808236227,0.9915739961854868,-0.7927483967743751,0.6095489967276279
-0.09314269142289021,-0.9956527703142799,0.6381709968733076,-0.7698946543194912
0.8059408705982862,0.5919960414557486,0.15128183948648583,0.9884906701843903
-0.42737300040347753,-0.9040753942709254,0.33707949531153275,-0.941476188674213
0.9817089138025715,0.19038804731541112,0.5595483507874858,0.8287977094146706
-0.5119294276915671,0.8590275089095719,-0.9694129465854011,0.24543540696609023
-0.9616968350386441,0.27411529960338743,-0.8738511406780033,-0.4861935663249284
-0.9985012174433958,0.054729505424920125,-0.7447465862941957,-0.6673473774603016
-0.27768184611060776,0.9606730933780777,-0.8756491752283062,0.48294774243388616
0.9997749029148264,0.021216585532300998,0.6919452220076815,0.7219500050147103
0.33869406293065935,-0.9408965574044378,0.9048072047816481,-0.42582146748986316
-0.36296612801571965,-0.9318023341424275,0.40222793873662377,-0.9155395596585036
-0.9807631153267539,0.1952017203166011,-0.8315327097203401,-0.5554757894500431
-0.7426364246697432,-0.6696948116520994,-0.05157750919546095,-0.9986689944847553
0.8566928477449981,0.5158268746610295,0.24102864104342553,0.9705180030255799
0.985313510331471,-0.17075504782662893,0.8174639169901471,0.5759798125100619
-0.000278016509955703,-0.9999999613534093,0.7069101664998096,-0.7073033412187527
-0.815153194881916,-0.579245430602439,-0.16681197985657575,-0.9859887237571884
-0.08412203233208809,-0.9964554599560982,0.6451171533761038,-0.7640836723945309
-0.0991433707294182,-0.9950731591397736,0.6335180288519909,-0.7737279283569181
0.950978107362597,-0.30925820816439614,0.8911216446066865,0.4537644923453955
0.9987361523965085,0.05026030139402376,0.6706737060355386,0.7417525059159261
-0.9417729561020094,-0.3362494597094287,-0.4281697704669818,-0.9036983167286814
0.999471030826244,0.032521662613173796,0.6837364553275099,0.7297290316659821
0.42321736387047615,0.9060281799803608,-0.3413988021015105,0.9399185379189272
-0.9996676400966853,-0.0257800182995281,-0.6886425414864097,-0.7251009930038287
0.9988677201862644,0.04757391690721627,0.6726662991993565,0.7399459777047523
-0.5280852257534394,0.8491913767466901,-0.9738816251974107,0.22705633684803905
0.7646144306551365,0.6444879924668275,0.08494221904274002,0.9963858787759365
-0.29174506371068765,0.9564961148904092,-0.8826398019451239,0.47004997609006693
-0.8977458350895676,-0.44051380861368555,-0.32331186649676324,-0.9462924690508633
-0.7629290325061178,-0.6464822436535123,-0.08234031404507547,-0.9966042708532601
-0.9786224271738393,0.20566512838199782,-0.8374177614083727,-0.5465633475433475
-0.9977172258647191,0.0675302688637405,-0.753243727164475,-0.6577415050666714
0.9864836704665924,-0.16385959814047976,0.813415525924359,0.5816830599090871
-0.5545027929898924,0.8321818626757066,-0.9805341233884777,0.19634875316841116
-0.8702289141272767,0.4926475789211401,-0.9636992101542761,-0.26699032257373
0.8914370648822393,-0.45314452369430475,0.9507627591410548,0.3099196280174726
-0.20491930257953284,-0.9787788715692212,0.5472013489187075,-0.8370010058187188
0.7888824125811962,0.6145441718217426,0.12327575226114262,0.9923724547287927
-0.4523140602755916,0.8918587280937539,-0.9504736937423942,0.3108050152486111
0.7659509548308859,0.6428990082381945,0.08701086587389711,0.9962073625605637
-0.681154355129488,-0.7321398394351529,0.03605218169461594,-0.9993499087882375
-0.7079549348030385,0.7062576090124802,-0.9999992797710308,-0.0012001905763864285
0.11869442190319922,0.9929308305260066,-0.6181784928973605,0.7860377541308992
0.6160423101078605,0.787713064609805,-0.12138955463973594,0.9926049445899242
-0.9723364686125151,-0.2335846566154193,-0.5223764158769959,-0.8527150052247842
-0.6467491705188778,-0.7627027667664144,0.08199157420960002,-0.9966330226109466
0.6236150902614399,-0.7817315518758445,0.9937301405730181,-0.11180522222476807
0.37003521349758206,-0.929017728986804,0.9185691447510473,-0.3952603272671432
0.46610090809618265,0.8847315657711744,-0.2960165768545708,0.955182802518608
-0.8796882096095562,0.4755508951457599,-0.9582987611016699,-0.2857682355878705
-0.4034918342261093,-0.9149832455913331,0.36167904549502766,-0.9323026697643881
-0.6682060577589781,0.7439762525606615,-0.9985636878987025,0.05357761855609611
-0.9745058621019811,0.22436203941147134,-0.8477276229070483,-0.5304317838896585
-0.8305265054261353,-0.556979105339376,-0.19342722157729708,-0.9811146263066752
-0.9836284827230135,-0.1802082350394187,-0.5681039052796456,-0.8229568353237098
-0.09915530101895341,0.9950719704020613,-0.7737355237810524,0.6335087522988617
0.06331158993912278,0.9979938088883018,-0.6609201352734537,0.7504562444207653
0.7218872845204712,-0.6920106563107683,0.9997768218674654,0.021125966406070174
0.8754249264497291,-0.4833541125825726,0.9608018726338812,0.2772359311907949
0.5009716966742883,0.865463667135302,-0.25773474400102947,0.9662157118028685
0.05428710596792148,0.9985253677927405,-0.6676772779921282,0.7444508395139482
0.8961121917851844,0.4438276013656124,0.31981350091185967,0.9474805141186282
0.9164319068450623,0.40019065470888143,0.3650376901137278,0.9309927415379962
0.5936986103694988,-0.8046874921640861,0.9888082958185247,-0.1491916690719196
-0.995887292385306,-0.09060077739988762,-0.6401342336629265,-0.7682630818233933
-0.14029858267968578,0.9901092402851674,-0.7993190371247699,0.6009068787174354
-0.9800685022473916,0.19865983716532754,-0.8334868019754922,-0.5525393659574552
-0.73850270559076,0.6742505126695323,-0.9989673807749714,-0.04543316132070635
-0.999976206290958,0.006898322400669267,-0.7119678070418587,-0.7022121059452099
0.9931238741991394,-0.1170682300869536,0.7850243653604592,0.6194648866484752
0.9870484823282569,0.1604222351592346,0.5845130248800029,0.8113843255483983
-0.9571237050355751,0.28967950092986133,-0.8816230017432878,-0.4719543227868082
-0.33836454607140987,0.9410151082537882,-0.9046580292854486,0.42613829920504487
-0.7156497100513001,-0.6984593706891548,-0.012155405533871011,-0.9999261203290506
-0.2980699366983158,-0.954544033995636,0.4641972858722525,-0.8857318328867007
0.4253327165122206,-0.905037060160707,0.9407134905710598,-0.3392021943584867
-0.9830930911066222,0.18310645597145558,-0.8246276079555893,-0.5656759745626847
0.8990243322929572,-0.437898675432117,0.945347324686715,0.326065078945401
-0.39398686266785626,0.9191160710406165,-0.9285039888212107,0.3713224242395024
0.8588279260156652,0.5122641833035286,0.24505757258514177,0.969508528130969
-0.39250723008128724,-0.9197489191806183,0.3728161736863863,-0.9279052217968398
-0.6849843519047815,0.7285577792087505,-0.9995252264032624,0.030811065926175607
0.6885762576695129,-0.7251639382745453,0.999665279388042,-0.025871397063706003
0.9703579901896098,-0.24167203163622616,0.8570346474347279,0.515258782648517
-0.0416304663942071,0.9991330763555978,-0.7359309586901223,0.6770565885075173
0.09286554648635659,0.9956786581401603,-0.6383852733945322,0.7697169887127269
0.9246987323902853,-0.38069969045929025,0.9230560769471592,0.38466541150839156
0.15754808596488795,0.9875113166991051,-0.5868726285876601,0.8096792684851271
-0.9658327301692841,-0.2591662349414887,-0.49968867081290513,-0.8662050751763303
0.7783266068085557,-0.6278596125997276,0.9943238113546714,0.10639623194981934
0.40998582468522377,-0.912091894250342,0.9348501203149809,-0.3550426066644195
0.3292000252865422,0.9442602095563172,-0.43491322713500535,0.9004723676287992
0.9989450603175797,0.04592130733229606,0.6738895583677473,0.7388320939989833
-0.019796709809136805,-0.9998040259374498,0.6929698188467587,-0.7209665943492045
0.13194119844235117,-0.9912575448154713,0.7942214479778142,-0.6076284157048815
0.9246319558721856,-0.38086184657953936,0.9231235205106257,0.3845035316873802
0.10589687316335758,-0.9943771177245702,0.7780112001200392,-0.6282504058795156
-0.23383196982043475,-0.9722770232242945,0.5221595047955314,-0.8528478478320066
-0.948042567059606,-0.31814350699492894,-0.4454058968347656,-0.8953287592079336
0.691234505206212,-0.7226305133415855,0.9997535422975914,-0.022200330254710687
-0.9936113722718654,-0.11285584119583959,-0.6227882085914169,-0.7823904698035974
-0.423631622236406,0.9058345592001615,-0.9400745522519818,0.3409689666351409
0.5601438887202582,0.8283953307022843,-0.18968241368856031,0.9818454979971554
0.7937633560611949,0.608226713137847,0.13119421836968642,0.9913566850868395
-0.30584546762245535,0.9520811677240557,-0.8894884540886954,0.45695764578667775
0.6974767502973058,-0.7166074119032748,0.9999085002605284,-0.01352742055016587
-0.5647499683439537,-0.8252620633807805,0.18420986898165437,-0.98288693356345
0.18500158349873505,-0.9827382225714845,0.8257167355337162,-0.5640849870893064
-0.9842965835616199,-0.17652262061538507,-0.5711824468652136,-0.8208231310051316
0.943268664220128,-0.33203046110315754,0.901772659557368,0.43221067834429006
-0.9999990853981889,-0.0013524802348608394,-0.7061497865199141,-0.7080624824108956
-0.07210965562784578,0.9973967102237873,-0.7562552038158703,0.6542767508489175
-0.7863447300143892,-0.6177879616653252,-0.11918763391451326,-0.9928717479724458
0.9722186873632247,-0.2340743983047447,0.8529780209742661,0.5219468322873743
0.626565091211877,-0.779369095149822,0.9941455970783486,-0.1080487473769769
-0.0975731707686067,-0.9952283538696837,0.6347380671380235,-0.7727273685627332
-0.6195440348624006,-0.7849619028121152,0.11696809615666398,-0.9931356727464207
-0.9979529981007268,0.06395165034438677,-0.7508799778890567,-0.6604386866358828
-0.723861968208323,0.6899448173452517,-0.9997123653524878,-0.0239830473738048
0.0033172177968433182,0.9999944980179083,-0.7047572634988799,0.7094485178965212
-0.6210475163281023,0.7837729151117022,-0.9933580534204971,0.1150642329511688
-0.7185114281119751,0.6955151527267326,-0.9998677840890781,-0.016260822266938202
-0.9685324929755235,-0.24888714320072394,-0.5088661068751257,-0.8608456802898841
-0.8408056623508283,0.5413370836722576,-0.9773225082807202,-0.2117562627359144
-0.7076412765051524,-0.7065718815422521,-0.0007561764300336171,-0.9999997140985624
-0.3551665246823815,0.9348030486391448,-0.9121462328199685,0.409864916713226
-0.9357575490651968,0.3526440264168611,-0.9110374909147947,-0.4123235260662136
0.3183473549100872,0.9479741355236181,-0.4452133661884823,0.8954245130479288
-0.5077377364515078,-0.861511689405953,0.25015596114125876,-0.9682055541595973
0.5466968930083748,-0.8373305841631427,0.9786552144564895,-0.20550905385681312
-0.7267755251848502,-0.6868750512227716,-0.028213895711143133,-0.999601908806101
-0.2921154390671231,0.9563830666937918,-0.8828217597248148,0.4697081440175179
0.029749049980485307,-0.9995573990648354,0.7278295700389918,-0.6857580600888745
0.999897550807459,0.014313905450470866,0.6969128790584838,0.7171557982770657
0.5270645840414525,0.8498252315913024,-0.22822624258266,0.9736081255806162
0.95169613473143,0.30704147462070314,0.455839681687804,0.8900618993074367
0.9980652978270866,-0.06217444228401942,0.7497027099160259,0.6617747704049823
-0.8465789071804466,-0.5322632374278359,-0.2222547415152626,-0.9749886306383186
0.990418919449496,-0.1380954886898651,0.7979801906620654,0.6026836776543177
0.9226553620049692,-0.3856255735340684,0.925094321216734,0.3797374051269511
0.29810141214361846,-0.9545342047710917,0.885747139076186,-0.46416807906010915
-0.3480603499011872,-0.937472129093267,0.4167770659779476,-0.9090087333325316
-0.2819282559755002,-0.9594354894846306,0.4790699591172438,-0.8777767223339898
-0.21442733805760214,0.9767399432262053,-0.8422824621233238,0.5390364124987025
0.9948795942918655,-0.10106726899275133,0.7749514588486787,0.6320207563271198
-0.023922713377215833,0.9997138109402468,-0.723820327815106,0.6899885021082832
0.6858586103127187,0.7277348189140784,-0.029610951072403857,0.9995614996470141
-0.9852379078788902,-0.17119072661341028,-0.5756182820786155,-0.817718529407805
-0.4938476043272875,-0.8695484711620157,0.26566063063650025,-0.9640666104216125
0.9486645184024933,-0.31628409938560853,0.894453745490517,0.4471604825764295
0.9783224341434714,-0.20708745701174897,0.8382113725214636,0.5453454822180928
-0.7777134353350115,-0.6286189724303705,-0.10542570575723786,-0.9944271821333065
0.9335210683233788,0.35852254461383276,0.40658535528727385,0.913612800296669
-0.8699875475481756,-0.4930736933878249,-0.2665183421999415,-0.9638298466383965
-0.997511360234525,0.07050593026879105,-0.7552022685393777,-0.6554918257255216
-0.9962310088068524,0.08673970885172007,-0.7657759382828386,-0.6431074656284425
0.9720651480661845,0.23471120108564672,0.5213879760446044,0.8533197398608046
-0.38564068442698557,0.9226490462330117,-0.9251005403064059,0.37972225418692007
0.9925285901923904,-0.12201228483520044,0.7880994106415978,0.6155479826515282
0.9620196311570206,0.27298027267278857,0.487224402888629,0.8732768067627921
-0.0534834419829121,-0.9985687364591685,0.668276220523846,-0.7439132295384749
-0.3873748572004955,0.9219222960797161,-0.9258128956726801,0.3779821188973985
0.46015715445923877,0.8878374812993515,-0.3024156592887226,0.9531761479479892
-0.4616818656439272,0.8870455765830427,-0.9536943203710779,0.30077756447572307
0.02828909290371089,-0.9995997835247291,0.7268271948287711,-0.6868203759771108
-0.7450517349141098,0.6670066808522049,-0.9984760812198945,-0.05518618696524352
0.7922285188230007,-0.6102245275007507,0.9916840593512559,0.12869625646698046
0.11625127230376878,0.9932198355287489,-0.620110417943807,0.7845145438789247
0.5791781654256029,-0.8152009891396311,0.985974955738242,-0.16689333916298654
-0.9908176619654854,-0.13520488429509192,-0.6050095971605931,-0.7962181782297971
-0.9545829515731266,0.2979452778043948,-0.8856712046204248,-0.4643129519044301
-0.6310774570225556,0.7757198226408453,-0.9947558962047787,0.10227759757555671
0.8609913126446717,-0.508619660994741,0.9684612070479385,0.24916438437956984
0.9893041108575282,0.145867666877878,0.5963996290378784,0.802687661848294
-0.6538242291824105,-0.7566464678659558,0.07270630222991664,-0.9973533945478162
0.8580944152142437,0.513491942077113,0.24367074556892027,0.9698580142236731
-0.3144924560491398,-0.9492599723406544,0.4488484152466722,-0.8936079118553903
-0.9922516010123577,-0.12424475960141365,-0.6137735236779948,-0.7894821477600986
-0.5901949610392087,-0.8072607434800276,0.1534886867274668,-0.9881504050733763
0.11092787983598901,-0.9938284587770126,0.7811806985920752,-0.6243049864827266
-0.9986024349783826,-0.05285051423822729,-0.668747596475566,-0.7434895104896594
-0.9962362914330185,0.08667901494471299,-0.7657367565904017,-0.6431541180824483
0.722680928203758,0.6911817966429344,0.022273249528145633,0.9997519204059859
-0.9523751580811693,0.30492877573274024,-0.8890481376123376,-0.45781372741327236
-0.13342382705809433,0.9910590710816242,-0.7951294826028966,0.6064396968336174
-0.9992514119343919,-0.03868611827418307,-0.6792222329195811,-0.7339326660585004
0.8996460830435352,-0.436619886473835,0.9448827285145489,0.3274089634614503
-0.665829726392318,0.746103729686651,-0.9983877213775973,0.05676229208241412
0.8119410958354532,0.5837393741161577,0.16136298490615936,0.9868951246724116
-0.9851029850115485,0.17196542943666587,-0.818170922153099,-0.5749750795844525
0.2296554811150869,-0.9732719866480274,0.8505981697308601,-0.5258162736645862
-0.6421342540002878,-0.766592199177303,0.08800505700721101,-0.9961200278787479
-0.42865531279391844,0.9034681083544388,-0.9419535044714265,0.3357433475349859
-0.6774178252766274,-0.7355984570385427,0.0411399192525676,-0.9991533951520618
-0.6975813434450716,0.7165055961242515,-0.9999104641568,0.013381467398335845
0.9082954788035902,0.41832920431755294,0.3464584752417863,0.9380653095244151
0.5680661042966433,0.8229829288322057,-0.18025341526763738,0.9836202042883995
-0.7194991238801188,0.6944933482300183,-0.9998436655758081,-0.01768175353101542
0.9203881187543624,0.3910060240658776,0.3743296689929667,0.9272956911965116
-0.3029096267494461,-0.9530192852311601,0.45969694802729044,-0.8880758503497292
-0.9912634661643857,0.13189670446136198,-0.7941941730081059,-0.6076640647265318
0.17733109229354935,-0.9841512504213855,0.821292040762168,-0.5705080050101956
0.6828140352398547,0.7305922209272875,-0.03378427909237369,0.9994291483072767
-0.4545762307498408,0.8907078367440513,-0.9512594867471522,0.3083916160882858
-0.014611902695739594,0.9998932404510045,-0.7173634662676918,0.696699115303301
0.9078378743778157,0.419321349140691,0.34543334771686013,0.9384432866642091
0.01864210376782945,0.9998262208839641,-0.6938019428053545,0.7201658587849855
0.8772288681034246,0.48007240387881545,0.28083202904529364,0.9597569335317684
-0.7394682451385217,0.6731914396601869,-0.9989012426300177,-0.046864778589112144
0.9305475296468142,-0.3661711281193691,0.9169185561975861,0.3990743806617181
0.0531523212637116,-0.9985864162626483,0.7436915933414675,-0.6685228597387147
0.0823771172586299,-0.9966012294554718,0.762952905714991,-0.646454069258638
-0.7316556496774953,-0.6816744166352456,-0.03534206881623991,-0.999375273944572
0.8386666688780446,0.5446450390052262,0.20790468829859116,0.9781490891390053
-0.3519533078509099,-0.9360175581113864,0.41299579200781966,-0.9107329332926497
0.5107189555721205,0.8597477237069735,-0.2468006087773416,0.9690662823084568
-0.9351392381784287,-0.35428040479127265,-0.41072922000016515,-0.9117573733390129
0.7467634021834196,-0.6650897842843808,0.9983309621912169,0.057751969060449326
-0.3575315507614967,0.9339010601825438,-0.9131807566439794,0.40755478858078614
0.9521429888693743,-0.30565295474916404,0.8893960410816009,0.45713748709592306
-0.018467503081012998,-0.9998294611232221,0.6939276953301541,-0.7200446886504898
0.8447743066972454,0.5351227623117787,0.2189567068398508,0.9757345748357222
-0.9973709444035115,0.07246515893619197,-0.7564883634296964,-0.6540071528626118
-0.7597157999272959,0.650255260140838,-0.9970000978509623,-0.0774002899553442
0.9033098178177983,0.4289887796131457,0.33539562257395333,0.9420773728087467
0.8045253823409764,0.5939182680883842,0.148921718654138,0.9888489883258706
-0.9962325692114018,-0.08672178528172425,-0.6431212428789679,-0.7657643677775897
-0.5315044669340687,-0.8470554891086719,0.22312826759000848,-0.9747890931900507
0.6876509128337973,0.7260414740762715,-0.027146226188110856,0.9996314732959062
-0.8815910644217719,-0.47201397768677067,-0.2896147354489502,-0.9571433043232527
0.643865080608095,0.7651390448627826,-0.08575364250586448,0.9963163718402785
-0.7538616685794749,0.6570331686045766,-0.9976533069139327,-0.06846808894437195
-0.6313847473265858,-0.7754697291599095,0.1018834677214836,-0.9947963404662511
-0.19616760602202757,-0.9805703801092437,0.55465652073861,-0.8320794096732234
0.2223077448549613,0.9749765466807401,-0.5322172137585618,0.8466078415530258
0.8729136481615538,-0.48787474094616445,0.9622226976979857,0.27226362231265966
-0.5326532521560968,-0.8463335707435535,0.22180548039794712,-0.9750909336392354
-0.23824543909121249,-0.9712049787517748,0.5182806608293538,-0.8552105919656797
-0.21843859164619595,0.9758506964078196,-0.8444900542814484,0.53557123542972
-0.9971394458811769,-0.07558389688140965,-0.6516381779378271,-0.758529950004526
0.9600065164039491,-0.27997765707633565,0.8768012176319058,0.4808530178331082
-0.9860863936114249,0.16623364381019254,-0.814813312557962,-0.5797234389588893
-0.9998619654554046,-0.016614753553852505,-0.6952607711183537,-0.7187575809296984
-0.8810652525711617,0.472994736452442,-0.9574650003719722,-0.28854942914984094
-0.8296518268596447,-0.5582811533523715,-0.19188804345215354,-0.9814168221403708
-0.2836701714056727,0.9589219122820566,-0.8786452886243152,0.47747508498171254
-0.7077512685168039,0.7064617059068772,-0.9999995842569823,-0.0009118584662437534
-0.9338403144840971,-0.3576901830414734,-0.40739966492459995,-0.9132499729095664
-0.6997154382523098,0.7144216580363295,-0.9999459303131506,0.010398867734900175
0.003996185643124449,-0.9999920152182745,0.7099268650603767,-0.7042754051261096
-0.8087125899943487,0.5882040009933905,-0.9877691942394252,-0.15592311859245472
0.8952826917274858,0.4454984869707052,0.31804546125411814,0.948075463544783
-0.27205283053803436,0.9622823168884709,-0.8728067530021786,0.48806595037330125
-0.9728192683315892,-0.2315656951337819,-0.5241454281869284,-0.8516287748254762
-0.7561122635892469,-0.6544419339024244,-0.0718917795670242,-0.9974124382775094
0.6066332348311345,0.7949818352631169,-0.1331825725924502,0.9910915206769033
0.7605853781062117,0.649237924501512,0.07873453951173776,0.9968956175487356
-0.6813869580267371,0.7319233658184916,-0.9993613139119166,0.03573463664635834
-0.6975954880652493,0.7164918248179852,-0.9999107281295982,0.013361727857444272
-0.020864441189916406,-0.999782313853287,0.6921994659849785,-0.7217062416870943
-0.29531005108803754,0.9554014725372683,-0.8843865996636125,0.46675512030981836
-0.9465548115307097,0.3225430029748942,-0.8973876706259398,-0.4412429813702988
-0.35169213234404095,-0.9361157215041854,0.41324988298051896,-0.9106176663213752
-0.7193258472224207,-0.6946728190434305,-0.017432323402147065,-0.9998480455053171
-0.907022658872731,0.42108181662408734,-0.9391116807480032,-0.34361206480951817
-0.5602112202820528,0.8283497984970439,-0.9818609124700003,0.18960260695353975
-0.5832752920392359,-0.812274543302044,0.1619269234545736,-0.9868027520535889
-0.9426624139303921,-0.3337477690755792,-0.4305676745406365,-0.9025582959790843
-0.37715240933470373,0.9261512080287042,-0.9215748257826232,0.38820077341979614
0.4696517991932058,0.8828517358620216,-0.29217647720437157,0.9563644212163287
0.9453962288716377,-0.3259232585061799,0.8989586305794602,0.43803353810718826
0.20348987396371168,0.9790770506932703,-0.5484229520668,0.836201091631873
-0.7883094728982799,-0.6152789407568213,-0.12235106262954232,-0.992486885290391
-0.03365415078907841,-0.99943353862809,0.6829091542711578,-0.7305033107472217
-0.08287350910008862,0.9965600741999638,-0.763274806591961,0.6460739660611657
0.7835042260343732,0.6213864560692305,0.11463457449319331,0.9934077281412523
0.35527788511044484,-0.9347607310704967,0.9121950534940536,-0.4097562499596324
0.8177801868637364,-0.5755306820432011,0.9852195637050163,0.17129626759768368
-0.8661058252921242,0.4998606799849818,-0.9658841787551317,-0.2589744258233328
-0.9955515134111094,-0.09421880993118964,-0.637338466735855,-0.7705839855711961
-0.3325548582792659,0.9430839126158697,-0.902012825244423,0.4317092344328228
-0.49253160617986824,0.870294557557313,-0.9636636219570089,0.2671187446000353
0.7175851582571819,0.6964707751578778,0.014930123470088652,0.9998885394948618
0.21552085332796617,0.9764992379826957,-0.5380929761257441,0.8428854898763767
-0.7333146239486357,-0.6798894485893063,-0.03777730378266225,-0.9992861828920244
0.19312954922886003,0.9811732656440744,-0.5572310557486466,0.8303574835631028
-0.7158757090688481,0.6982277344571569,-0.9999221342164862,-0.012479002522134797
-0.39760973541327566,-0.9175546296022842,0.36765656052436974,-0.9299616408774022
-0.16244011004462328,-0.9867184049406855,0.5828527719058902,-0.8125777786043746
-0.8911116194599632,0.4537841796090314,-0.9509849395109866,-0.3092371983175458
-0.8409309118204497,0.5411424965245542,-0.9772734791383566,-0.2119824213768965
0.08490674785617541,-0.9963889020701143,0.7645914865303945,-0.6445152121751987
-0.9730865972469258,-0.23043974105696077,-0.5251306280387951,-0.851021635151293
0.9935126702518311,-0.11372147576019341,0.7829327730063985,0.6221063196532497
0.5263938438641296,0.8502408606635807,-0.22899442164592565,0.9734277347882831
-0.4256870843301459,0.904870436158956,-0.9408462454966027,0.338833797509851
0.42915906823641575,-0.903228926767988,0.9421405864391617,-0.3352180117238221
0.9345030290630232,0.3559551778974909,0.40909510880005334,0.9124917489796127
-0.8134993808944909,-0.5815657807026476,-0.16400182148066195,-0.9864600359624434
0.9654386963546602,0.26063024302834537,0.4983748367846395,0.8669616612399212
-0.6624253983401033,-0.7491278873690097,0.06130791793809187,-0.998118900331066
-0.9936189500744806,0.11278910431813327,-0.7823486380204319,-0.6228407570058138
-0.11691889920363342,-0.9931414657585347,0.6195829186396515,-0.784931211591163
0.9955150444494179,-0.09460336291524467,0.7708301181438322,0.6370407592629891
-0.014304016964828184,-0.9998976923159039,0.6969199713353181,-0.7171489061233931
0.8940790875621967,-0.44790912603333927,0.9489289661058244,0.31548980535879606
0.9434073299974123,-0.3316362611463856,0.9015919696062273,0.4325874713183032
0.9953430903929081,0.09639570741010804,0.6356517904370383,0.7719759072109618
0.9574861763576944,-0.28847915363839066,0.8810305339635662,0.4730594024262423
-0.9528687020932792,0.303382986620986,-0.8883040879669089,-0.4592557536942551
0.7112015286738703,0.7029881831239768,0.005807712334558124,0.999983135096507
